start	end	text
0	3560	好 謝謝 謝謝
3560	9760	非常高興今天大家來參加我們這一場本週的一個主題是
9760	13260	台灣科技產業的三大關鍵主題
13260	16760	半導體 供應鏈 還有BIOT
16760	22360	我是管理學院智慧轉型中心的營運長洪一鴻治
22360	24660	也是本次的TEC老師
24660	29060	非常感謝大家與我們產業的人都先進過來
29060	31220	參加這樣子的一個活動
31220	34920	那這一場演講我們特別邀請到金榮董事長
34920	37220	還有我們BGPi的社長
37220	40720	來參與這樣子的一個演講
40720	45620	那其實黃社長他
45620	49780	將近有40年了這樣子的一個
49780	53220	資深的產業行銷的一個大師
53220	57720	本身在產業協會上面非常熟悉之外
57720	60480	他也創立了把他的知識
60480	62280	建立了這樣子的一個BGPi
62280	63880	這樣子的一個時報
63880	66880	電子時報這樣子的一個雜誌
66880	71580	他本身是創辦的也是董事長
71580	73780	這部分是非常非常不簡單
73780	76320	那本身也是ICG的董事長
76320	79780	也是ICG的科技行銷的主持人
79780	83680	那也是我們台灣科技三科技協會
83680	86520	這是最大的一個科技協會的理事
86520	89280	那還有BGPi的常務理事長
89280	93780	那我跟黃董事長結緣在
93780	96180	2020年的九一
96180	98820	九一這個是不是蠻特別的
98820	100380	這個應該知道
100380	104920	當時恐怖兩部恐怖機密
104920	107140	轟炸的雙子星大樓
107140	109140	蠻特別的一個故事
109140	110940	那在2020年
110940	113740	在那幾年發生了兩件
114460	120600	跟產業界非常非常有關係密切的一個狀況
120600	124300	什麼狀況你知道嗎
124300	130540	一個是2018年到2019年的中美貿易戰
130540	134160	一個是2020年的COVID-19
134160	138760	再來對產業引起非常大的一個震撼
138760	142400	那包含了中美貿易戰的部分
142560	144560	美國跟中國
144560	146560	尤其當時的強人
146560	148560	美國總統川普
148560	151160	那對於整個中國
151160	153760	只要進口到美國的課
153760	155760	會成高的一個關稅
155760	159660	造成很多的產業外揚
159660	162360	到可能到東南亞國家裡面去
162360	163560	那這個時候
163560	167560	我在那邊也拿到了黃董事長的第一本書
167560	169560	叫掛念
169560	170760	那為什麼是掛念
170760	173720	因為你的供應鏈
173720	177620	從原本的最大的工廠在大陸
177620	179620	移到全世界各地去了
179620	181620	尤其是東南亞這一邊
181620	185220	所以造成了很多的短鏈或長鏈
185220	187220	或是斷掉的斷鏈
187220	188720	這個部分
188720	190720	所以我們在當時
190720	192520	在黃先生總裁
192520	194220	他成立了台灣斷鏈
194220	196920	這樣子的一個全球智慧供應鏈中心
196920	200120	這個部分是當時我們也看到說整個
200120	201880	全球的供應鏈
201880	204120	會有斷鏈斷鏈或長鏈
204120	205680	這樣子的一個關係
205680	207680	而希望能夠在台灣
207680	209280	能夠往前看
209280	211280	能夠變成是一個
211280	213580	全球的一個智慧供應鏈中心
213580	216780	那當時也邀請了黃董事長
216780	218780	來做專題的演講
219280	220780	那第二次的機會
220780	224080	是在2020年的12月23號
224080	225580	那一年
225580	228880	一樣在台北東北縣的理大
228880	233440	那時候我們成立了一個東南亞影響議員館
233440	236140	那這個東南亞影響議員館
236140	239840	2020年最大的這個活動
239840	243640	就是我們崛起的東南亞越南之夜
243640	246340	特別邀請了黃董事長
246340	249140	來跟我們介紹有關這個
249140	251640	半導體以地緣政治
251640	254340	台灣跟東協國家的一些態勢
254340	256340	那我今天也利用這個機會
256340	258340	也跟大家講一下
258340	259840	黃董有一句話
259840	262100	如果我們一成不變
262100	265100	時間將會是最大的敵人
265100	267100	創造價值世界共好
267100	268600	是我們無間不吹
268600	270340	我們將無間不吹
270340	272600	我也把這一句話送給我們同學
272600	274100	也就是說
274100	277100	你今天不能夠一成不變
277100	280600	你必須要創造學生你自己的價值
280600	282100	如何去共好
282100	285600	跟同學跟老師跟很多的人去共好
285600	288600	那這樣子我們將會有無間不吹
288600	291100	那接下來我們就用
291100	293600	這一個熱烈的掌聲
293600	297100	我們來歡迎我們的黃董事長
311100	312600	好 黃董老師
312600	315600	還有各位東海的同學
315600	318100	老師們大家午安
318100	318600	午安
318600	319100	謝謝
319100	322600	非常高興的就邀東海來跟大家做報告
322600	326600	這一次是我第二次到東海來
326600	329600	但其實坦白講
329600	333600	第一次來這家公司已經成立了很久
333600	337600	但是我想再多很多人可能根本不知道
337600	338600	我修正一下
338600	340600	這家黃董事長老師剛才講的
340600	342600	我們不是大字
342600	344600	我們是報紙
349100	351100	我們是大宗的報紙
351100	352600	比聯合報今日報
352600	355600	工商時報大一冊子
355600	357600	如果先跟各位講
357600	360100	第一次來這家報紙
360100	362600	到底工商時報今日報
362600	365600	比現在到底什麼樣大體比較像
365600	367100	我現在告訴各位
367100	370100	我們的報紙比他們小
370100	373100	但是我們的聯合報可能是工商時報
373100	375100	家經日報兩個家傳
375100	378100	我們有240幾個人
378100	381100	我們公司的大公公
381100	383100	是施政樓
383100	385100	遼闊廠
385100	386100	藏中樓
386100	387100	吳定華
387100	389100	這些台灣第一代的企業家
389100	391100	我們有一個小公公
391100	392100	他叫黃信波
392100	394100	他也叫郭台銘
395100	398100	第一家這家公司是台灣4家電子電腦
398100	400100	來自投資的
400100	402100	我們知道是6家
402100	404100	第二個各位可能會很驚訝
404100	406100	我們英文版的公司
406100	408100	總量比中文版多
408100	412100	因為台灣電體也是一個外銷手的產業
412100	414100	如果各位知道去年
414100	418100	台灣有949家上市櫃的電子電師
418100	422100	他們家族名列是9531間
422100	425100	來自一家公司是一個billiard
425100	427100	他們要的影像
427100	430100	絕對不是你在街頭上看的到的影像
430100	432100	我們5次UP
432100	435100	平均每個用戶付給我們的錢
435100	439100	我確定我們可能是去年最高的
439100	441100	為什麼今天我來講
441100	442100	D7的讀者
442100	445100	百分之八十八的信息裡面
445100	448100	坦白講我很少到信息裡面
448100	450100	因為我們的客戶不在
450100	452100	那為什麼會
452100	454100	我是國不假的蔣國教授
454100	456100	這位校長
456100	457100	董事長
457100	459100	高中處董事長
459100	461100	這部分當時給我
461100	463100	特別講過的秘書
463100	465100	當時還不出來給我
465100	467100	那我對我來講
467100	469100	坦白講我有點驚嘆
469100	471100	為什麼台灣台大高中參議院
471100	473100	對我來講
473100	475100	我在台大在交大教書
475100	479100	我是台大圍棋手的老師
479100	482100	我看的課是半導體的地緣政治
482100	484100	那也許這麼說
484100	486100	你行嗎
486100	487100	好吧
487100	490100	那我跟各位瓜瓜講了我的背景
490100	492100	我在1985年回台灣
492100	496100	1985年那一年是個人電腦園年
496100	498100	不是因為我回來
498100	500100	因為1985年
500100	503100	我們的科技教授叫李格林
503100	505100	他接受美國科技部
505100	507100	把Edwards的介入
507100	508100	他說
508100	510100	台灣中小企業多
510100	512100	收集成員資料不專業
512100	514100	你要不要成為Costos
514100	516100	找二十個年輕人
516100	518100	做成為戰隊人的工作
518100	520100	我就是第二小號
520100	523100	我是二十個人當中年紀最小
523100	525100	政府再給我二十幾個人
525100	527100	花了三四百萬再一次
527100	529100	三四百萬年薪
529100	530100	重點不是錢
530100	532100	重點是我們的服務長跟次長
532100	533100	五個人
533100	535100	每個月必須到期後中心
535100	537100	私底下不同做結果
537100	540100	我在1990年代擔任巨人
540100	543100	我是第四任巨人
543100	546100	我在當擔任巨人的時候
546100	548100	沒有Internet沒手機
548100	550100	所有的老闆有做話的問題
550100	552100	台灣都直接打給他找我
552100	555100	所以我不是替范仲偉做報告
555100	557100	我是幫他上課
557100	558100	我也幫秋孔
558100	561100	幫很多部長編輯上課
561100	564100	我是台灣電腦工業發展計畫的
564100	566100	系別人基因
566100	569100	我也是負責系統科學研究產業規劃的
569100	571100	那是1986年
571100	573100	1985年是個人電腦改編
573100	574100	為什麼
574100	575100	因為Microsoft
575100	577100	在1985年到Windows
577100	579100	1986年
579100	582100	Intel推出386的CPU
582100	583100	Intel
583100	584100	台灣
584100	585100	Microsoft
585100	586100	加在一起
586100	588100	然後再聯合一起
588100	589100	這三個加在一起
589100	591100	讓全世界的電腦
591100	593100	變成一個房子
593100	595100	負了幾個價錢
595100	597100	那這個經過
597100	599100	34年的演化以後
599100	601100	我們開始看到
601100	602100	除了個人電腦
602100	604100	我們還有手機產業
604100	605100	還有零件工業
605100	608100	我們還有很強大的半導體工業
608100	610100	所以大家想知道
610100	612100	我們在全世界
612100	615100	到底應該扮演什麼樣的角色
615100	617100	那
617100	618100	最近呢
618100	620100	其餘中的
620100	622100	就是我們的黃旭仁總台
622100	624100	他當藍透的副總長
624100	625100	叫黃國新
625100	627100	他在兩禮拜前
627100	630100	請我去幫他的新郵會的
630100	632100	那些基隆天的老闆講課
632100	634100	他給我一個題目叫做
634100	636100	幸福未來
636100	638100	我就問黃國新
638100	640100	我說建武
640100	642100	你辭職哪一次
642100	643100	我先跟各位講
643100	645100	我今年到幸福講課
645100	646100	講了四次
646100	648100	其中一次到Stanford講的
648100	650100	我知道七年之後
650100	651100	Stanford畢業
651100	654100	那為什麼Stanford老鼠講不出來
654100	656100	他們想知道什麼事情
656100	659100	他們為什麼要知道這些事情
659100	662100	問大家一句問題
662100	663100	海加涼
663100	665100	中國南海
665100	667100	大家都不關心這個問題
667100	668100	對不對
668100	671100	美國人也問過這個問題
671100	674100	包括現在的選總統的三個人
674100	677100	也問過這個問題
677100	679100	我就是情報國主
679100	681100	沒有錯
681100	684100	1980年代我受到非常好的訓練
684100	686100	所以1998年我出來創業
686100	689100	我本來沒想到創業
689100	691100	我知道金融企業非常辛苦
691100	694100	而且我已經是情報中心的頭子
694100	695100	我在1995年
695100	697100	當年情報中心的主任
697100	700100	我的辦公室在東化南路二段
700100	703100	在哪裡在緬甸東半邊對面
703100	706100	我的辦公室就在
706100	710100	在東化南路的路邊
710100	713100	窗戶打開就是靈異大道
713100	715100	我有半個故事
715100	718100	我從三四六歲就開始搭上工廠
718100	721100	國家給我非常好的待遇
721100	723100	我是幫李國鼎做情報
723100	725100	李國鼎執政接到外面的時候
725100	727100	都坐我左旁邊
727100	729100	我當然很慘
729100	730100	好嗎
730100	732100	我是今天來吹牛的
732100	735100	1998年有一天我接到個電話
735100	738100	執政的宏碁創辦的這個電話
738100	741100	他說欸吹牛你一個好點子
741100	743100	我告訴他說
743100	747100	台灣產業是供應鏈的結構
747100	751100	我們需要知道每一天的生意變化
751100	754100	最後的方法就是報紙的方法
754100	757100	把每天做到的新聞印在報紙上面
757100	759100	第二個
759100	761100	Internet時代來講
761100	763100	新聞是樹
763100	765100	因為我是一個業務人員出身
765100	767100	我是自顧的老闆
767100	769100	所以我說
769100	771100	研究報告是深度
771100	773100	深度加速
773100	775100	加在一起會變得很好
775100	777100	在那邊
777100	778100	坦白講
778100	780100	如果我們還算媒體的話
780100	782100	那麼我們公司應該是
782100	784100	台灣所有的媒體最大的
784100	787100	我們這次過得很錯誤
787100	789100	然後大家都知道
789100	792100	台灣的平均薪資
792100	794100	是5萬多塊
794100	797100	我們公司244個人
797100	801100	去年已經有60%的人
801100	803100	其實百分之百比較明顯
803100	805100	有60%
805100	807100	如果是傳統的
807100	810100	媒體可以做到很狠
810100	812100	有客戶數據
812100	813100	第二個我們的
813100	816100	我們必須好到足利
816100	818100	讓別的媒體出錢
818100	819100	各位知道
819100	820100	各位知道
820100	822100	華人對於無形的知識
822100	824100	不願意付錢
824100	826100	所以其他人都到我的講課
826100	828100	先告訴我
828100	830100	講評這個只有多少錢
832100	833100	很抱歉喔
833100	834100	我實話實說
834100	836100	我到大陸講課
836100	838100	一次花千塊每天
838100	841100	你認為你付我的錢夠嗎
841100	842100	第二個
842100	843100	我公司244個人
843100	844100	我是老闆
844100	845100	老闆是負責賺錢
845100	847100	老闆是負責使錢的
848100	849100	沒錯吧
849100	851100	那為什麼要講課呢
851100	853100	我為什麼到台大講課
853100	855100	其實是因為1995年的時候
855100	856100	英特爾
856100	857100	那時候的CEO
857100	859100	叫Edward
859100	860100	Edward有一個書叫
860100	862100	On the Cabin with My
862100	863100	十倍速的史法
863100	865100	跟你們說寫得非常好
865100	867100	我對他印象非常深刻
867100	868100	為什麼
868100	870100	1995年的時候
870100	873100	英特爾跟CP出了問題
873100	876100	他好像是6億分7億的機會
876100	878100	被直接計算的錯誤
878100	880100	6億分7億
880100	882100	英特爾那種知識不是重要
882100	883100	人們不相信他
883100	885100	結果媒體無依不饒
885100	887100	不斷在參考
887100	890100	說英特爾沒有什麼解決的問題
890100	893100	英特爾的總裁Edward
893100	895100	接到公司的電話說
895100	896100	請你趕快回來
896100	898100	必須面對媒體
898100	899100	回答這些問題
899100	901100	只有你能解決這個問題
901100	904100	Edward在寫這個書的時候說
904100	905100	我接到電話的時候
905100	907100	我跟CP發了交情
907100	909100	我就很佩服
909100	911100	英特爾在1995年
911100	913100	一年零月裡有200多億媒體
913100	915100	全世界的微數機器
915100	918100	他們適當於百分之千的機器
918100	921100	他完全不需要去做社會工作
921100	923100	坦白講
923100	924100	他沒有時間
924100	927100	那管家公司都不知道有多困難嗎
927100	929100	我也很麻煩
929100	931100	那我在想
931100	932100	英特爾的總裁
932100	934100	那邊200多億媒體
934100	936100	還被你到大學去教書
936100	938100	那我算什麼
938100	939100	我才來蠻多個人而已
939100	941100	沒那麼困難吧
941100	943100	所以台大找我去
943100	945100	台大開這個課的時候
945100	946100	我說好啊
946100	947100	讓我試試看
947100	949100	我以前我跟焦大就是
949100	951100	跟另外兩個老師都開了
951100	952100	我不會開一些機器
952100	954100	都幫我累死
954100	957100	後來我發現講一些機器真的蠻累的
957100	958100	為什麼
958100	960100	至少40個小時
960100	963100	你至少要準備死來一番拋風
963100	965100	你不能重複啊
965100	966100	對不對
966100	967100	學生很聰明
967100	968100	很多的畢業生
968100	970100	我有六七幾個學生
970100	973100	研究所的學生
973100	975100	他們也是化學的
975100	976100	有電機的
976100	978100	有資工的
978100	980100	也有投資所
980100	982100	所以我必須面對這個問題
982100	985100	那今天我試著去整理一些資料
985100	987100	希望對東海的同學
987100	989100	老師們有一點貢獻
989100	990100	所以我們跟
991100	993100	在討論之前
993100	995100	我們以台灣科技業的觀念
995100	997100	以三大意義
997100	999100	供應鏈
999100	1000100	半導體
1000100	1002100	以及未來的AI文學
1002100	1004100	觀物聯網的時代
1004100	1005100	我們只去面對新的東西
1005100	1007100	大概從這三種
1007100	1009100	跟大家分享我所知道的事業
1015100	1016100	好
1016100	1018100	我剛剛談到
1018100	1020100	我可能是一個成員的意識
1020100	1021100	沒有錯
1021100	1023100	1985年的時候
1024100	1025100	我回來的時候
1025100	1027100	就是希望
1027100	1029100	幫台灣做戰略規劃
1029100	1031100	所以我的本業
1031100	1033100	確實是
1034100	1036100	成員的意識
1039100	1040100	好
1040100	1041100	第二個
1041100	1043100	我大概就是花樣創業
1043100	1044100	而且
1044100	1045100	我們公司
1045100	1047100	普通學校剛才講的
1047100	1049100	應該是台灣所有的企業
1049100	1051100	我想所有官方太錯了
1051100	1053100	所有的企業
1053100	1055100	董事會架起來的公司
1055100	1057100	應該是最貴的
1057100	1058100	所以
1058100	1059100	因為譬如說過
1059100	1061100	張登武開了一家公司的同學
1061100	1063100	就我的公司
1063100	1065100	我們還有吳定華
1065100	1067100	吳定華就是台灣1974年
1067100	1069100	到美國去
1069100	1071100	經RCA計畫的計畫主權
1071100	1073100	他的企業有點叫操心城
1073100	1075100	有點叫偵探城
1075100	1077100	拿出這種證書
1077100	1079100	他為什麼說是第七代
1079100	1081100	因為我告訴他們說
1081100	1083100	這是一個規模
1083100	1085100	這是一個產業共同的品牌
1085100	1087100	如果
1087100	1089100	台灣產業進展到一定程度的時候
1089100	1091100	它需要更多的產業資訊
1091100	1093100	不見得
1093100	1095100	所以我就說
1095100	1097100	如果我們都這樣做的話
1097100	1099100	那也許
1099100	1101100	我們可以用不同的方法
1101100	1103100	來服務產業
1103100	1105100	這很拿手
1105100	1107100	我在當七八中中主任的時候
1107100	1109100	已經有將近160
1109100	1111100	我當任主任的時候35歲
1111100	1113100	我還很年輕
1115100	1117100	那當然做產業分析
1117100	1119100	一定可以當產業顧問
1119100	1121100	所以我做過印度跟泰國政府的顧問
1121100	1123100	甚至在
1123100	1125100	COVID-19之前
1125100	1127100	韓國政府請我去幫韓國的制度講課
1127100	1129100	我跟韓國人講一句話
1129100	1131100	我說
1131100	1133100	呼吸各位
1133100	1135100	如果遊戲規則沒有改變的話
1135100	1137100	朝鮮半島即將進入
1137100	1139100	中國大陸不可分割的緣分
1139100	1141100	給他們提侃
1141100	1143100	是有希望的
1143100	1145100	台灣的海峽會不會老大
1145100	1147100	我剛才跟他們講
1147100	1149100	海峽打仗的話
1149100	1151100	先打台北
1151100	1153100	他們看了我說
1153100	1155100	台灣要飛彈
1155100	1157100	打韓國只要到澳洲就可以了
1157100	1159100	因為三八路線到首爾
1159100	1161100	四十幾公里而已
1161100	1163100	第二個
1163100	1165100	台北兩邊開戰
1165100	1167100	第三個
1167100	1169100	各位希望吧
1169100	1171100	全世界十萬米厚的
1171100	1173100	最先進的製度
1173100	1175100	百分之九十幾的產出
1175100	1177100	是來自台灣
1177100	1179100	沒有台北電全世界的數據中心
1179100	1181100	不能運作
1181100	1183100	沒有台北電
1183100	1185100	蘋果的手機
1185100	1187100	HP的Intel CPU
1187100	1189100	不能運作
1189100	1191100	第二個
1191100	1193100	各位可能不知道
1193100	1195100	全世界它設計
1195100	1197100	前三十大電子產品的製造商
1197100	1199100	它的總應有
1199100	1201100	百分之七十二是台商
1201100	1203100	沒有台商
1203100	1205100	筆電手機不能動
1205100	1207100	不只是這樣子
1207100	1209100	下一個就是電動車
1209100	1211100	相關的產業
1211100	1213100	如果沒有台商的支持
1213100	1215100	這個產業也管不了
1215100	1217100	各位知道嗎?
1217100	1219100	全世界顯明到
1219100	1221100	航空貨運的機場
1221100	1223100	一去第一名是香港
1223100	1225100	第二名仁川
1225100	1227100	第三名上海
1227100	1229100	第四名桃園貨運機場
1229100	1231100	你們很驚訝吧
1231100	1233100	第五名東京的城鐵機場
1233100	1235100	各位知道嗎?
1235100	1237100	全世界的海運
1237100	1239100	百分之四十八
1239100	1241100	經過台灣島的兩邊
1241100	1243100	各位知道嗎?
1243100	1245100	要想一下
1245100	1247100	同志老說什麼問題什麼問題
1247100	1249100	請問一下
1249100	1251100	烏克蘭跟俄羅斯在打架
1251100	1253100	韓國跟日韓的飛機
1253100	1255100	要飛到澳洲的那邊怎麼飛
1255100	1257100	不能就跟西部人一樣
1257100	1259100	他們這樣怎麼飛
1259100	1261100	你們知道嗎?
1261100	1263100	我告訴各位
1263100	1265100	它造入加拿大
1265100	1267100	美國造入全國四個小時
1267100	1269100	第二個問題
1269100	1271100	如果你是華航上海
1271100	1273100	我們可以
1273100	1275100	我們也不能往北飛
1275100	1277100	好
1277100	1279100	第一個跟哲平大哥說一次
1279100	1281100	見過一下
1281100	1283100	有沒有可能
1283100	1285100	有可能以前出現過
1285100	1287100	我們造到昆布進過哈薩克
1287100	1289100	可以到阿富汗
1289100	1291100	但現在好像不行
1291100	1293100	所以等我們經過北卡
1293100	1295100	曼谷進法國
1295100	1297100	然後經過一個國家
1297100	1299100	人都不想過
1299100	1303100	如果以色列跟巴勒斯坦
1303100	1305100	哈巴斯坦出去
1305100	1307100	結果發生了戰爭
1307100	1309100	被國軍伊朗支持
1309100	1311100	那麼伊朗都被全國戰爭
1311100	1313100	伊朗不想跟英國人過
1313100	1315100	那也很過
1315100	1317100	還有一條路
1317100	1319100	就是繞過白牆
1319100	1321100	所以我才跟各位講
1321100	1323100	全世界的地緣政治
1323100	1325100	跟產業絕對有關係
1325100	1327100	再來一個2011年的時候
1327100	1329100	全世界只有三個航空公司賺錢
1329100	1331100	韓航
1331100	1333100	華航
1333100	1335100	長榮
1335100	1337100	只有這三個
1337100	1339100	各位知道為什麼嗎
1339100	1341100	我發現了一個事情
1341100	1343100	韓國跟台灣出口的半導體
1343100	1345100	還60塊到中國大陸去
1345100	1347100	國外半導體
1347100	1349100	就賺半了
1349100	1351100	各位知道嗎
1351100	1353100	台灣的半導體
1353100	1355100	各位知道嗎
1355100	1357100	台灣的半導體在台灣經營力12.6%
1357100	1359100	電子的供應鏈
1359100	1361100	不算8.9%
1361100	1363100	兩個加起來21.0%
1363100	1365100	各位知道嗎
1365100	1367100	如果以合作為例
1367100	1369100	合作的一點大概是
1369100	1371100	10萬億美金的一面
1371100	1373100	它的working capital
1373100	1375100	不少於80億美金
1375100	1377100	80億美金從離岸來
1377100	1379100	它付多少必行
1379100	1381100	所以台灣資本的運作
1381100	1383100	就是這樣
1383100	1385100	最後我們不能說
1385100	1387100	我們不能說
1387100	1389100	我們是一個多國際貿易的
1389100	1391100	不同產業,不可能
1391100	1393100	台灣的電子業影響太大了
1393100	1395100	好,第二個問題
1395100	1397100	您不願意
1397100	1399100	戰爭這種說法叫荷蘭病嗎
1399100	1401100	荷蘭病是1970年代
1401100	1403100	歐洲的北海發現了稀有
1403100	1405100	荷蘭跟北海的稀有而致
1405100	1407100	當它同時造成
1407100	1409100	整個社會中的
1409100	1411100	所以荷蘭其他的產業
1411100	1413100	除了有競爭力在下面
1413100	1415100	好,那問題來了
1415100	1417100	台灣後國有荷蘭病
1417100	1419100	有高度兩代電子業
1419100	1421100	我們是
1421100	1423100	其中一代電子業呢
1423100	1425100	還是要發展其他大業
1425100	1427100	我們也沒有實力
1427100	1429100	發展其他大業
1429100	1431100	最後提醒大家一個問題
1431100	1433100	大部分年輕的人
1433100	1435100	聽說大部分年輕的人
1435100	1437100	今年大部分年輕的人
1437100	1439100	今年
1439100	1441100	大學一月生就
1441100	1443100	一千一百七十九萬
1443100	1445100	那台灣
1447100	1449100	我在
1449100	1451100	宏碩老師我剛問你
1451100	1453100	幾年之後
1453100	1455100	你是雞兵嗎
1455100	1457100	好,那你不要回答
1457100	1459100	我告訴各位
1459100	1461100	我出生在
1461100	1463100	一年,是
1463100	1465100	肌體變獨發病的那一年
1465100	1467100	1958年
1467100	1469100	基底電路園
1471100	1473100	我跟各位說
1473100	1475100	台灣或全世界的半裝產業
1475100	1477100	真正起飛
1477100	1479100	開始承認這個產業是
1479100	1481100	1971年以後
1481100	1483100	1971年Intel
1483100	1485100	推出4004的CP
1485100	1487100	開始有規定的概念
1487100	1489100	半導航開始成為
1489100	1491100	一個產業
1491100	1493100	當時還有泰系
1493100	1495100	有一個旅外的
1495100	1497100	華人
1497100	1499100	叫潘平淵
1499100	1501100	他回到台灣跟我們的行政院長
1501100	1503100	孫運璿
1503100	1505100	還有推舉政委李國林說
1505100	1507100	半導航不錯
1507100	1509100	要讓他試試
1509100	1511100	所以因為他的隱藉
1511100	1513100	所以吳定華
1513100	1515100	他從交大電子公司
1515100	1517100	的起飛人
1517100	1519100	跳到工業院去當電子所做方
1519100	1521100	然後他34歲
1521100	1523100	然後他34歲
1523100	1525100	他幹部在發展
1525100	1527100	他的哲學就是我剛剛講的
1527100	1529100	台積電的製作智囊
1529100	1531100	有連電的創辦人
1531100	1533100	有連發電的製作智囊
1533100	1535100	在一間都是
1535100	1537100	他跟Tim的妹妹
1537100	1539100	好 我想告訴大家一件事情
1539100	1541100	1974年參加
1541100	1543100	RCE計畫的所有層面
1543100	1545100	每一個都成為台灣的英雄
1545100	1547100	同意嗎
1547100	1549100	因為他們的確是台灣的英雄
1549100	1551100	沒有他們 台灣不會有這些辦公的產業
1551100	1553100	包括世新派
1553100	1555100	包括政業
1555100	1557100	他們都是台灣的奇蹟的創辦人
1557100	1559100	各位知道嗎
1559100	1561100	1976年
1561100	1563100	紅雞創辦
1563100	1565100	紅雞
1565100	1567100	開始起飛
1567100	1569100	也是年齡總共
1569100	1571100	真正台灣電腦也開始起飛
1571100	1573100	1985年
1573100	1575100	除了
1575100	1577100	微軟的
1577100	1579100	還有Windows
1579100	1581100	Intel CPU-1
1581100	1583100	李國鼎做了一個什麼狀況的決定
1583100	1585100	因為他的科技部
1585100	1587100	我剛才講的那個
1587100	1589100	他是IBM的C6VP
1589100	1591100	他就跟李國鼎執政說
1591100	1593100	台灣不要再做
1593100	1595100	仿佛的體系了
1595100	1597100	IBM的專利
1597100	1599100	你要不要照我們的專利說
1599100	1601100	每一個主機板如果五塊十塊
1601100	1603100	已經專利費
1603100	1605100	已經被叫IBM相容電腦
1605100	1607100	他感嘆了我1985年開始
1607100	1609100	我就是那個年代
1609100	1611100	所以我也不欺騙他
1613100	1615100	為什麼跟大家講這個事情
1615100	1617100	1970年代1980年
1617100	1619100	在整個半導體電腦業
1619100	1621100	參與創業成功的機率
1621100	1623100	很高
1623100	1625100	為什麼我問同志老師幾歲
1625100	1627100	因為有一天
1627100	1629100	我跟三位台大
1629100	1631100	醫院的同學
1631100	1633100	他們三個同學都是
1633100	1635100	1980年年生的
1635100	1637100	他們講到我跟他們說
1639100	1641100	我聽完他們的報告
1641100	1643100	我說我給你們個comment
1643100	1645100	我說我看到
1645100	1647100	時代的陷阱
1647100	1649100	我也看到年輕人的眼淚
1649100	1651100	他說這什麼意思
1651100	1653100	我說你告訴我
1653100	1655100	1980年年生的
1655100	1657100	創業成功的人是誰
1657100	1659100	你幾乎找不到
1659100	1661100	Why
1661100	1663100	我說時代的陷阱
1663100	1665100	他們沒有矯正
1665100	1667100	散散者
1667100	1669100	窮其一世
1669100	1671100	不擇於人的孫子弟嘛
1671100	1673100	真是為了打仗的人
1673100	1675100	要看到國際大勢
1675100	1677100	大環境大潮流
1677100	1679100	你看我個人的力量做不起來
1679100	1681100	我是創業家
1681100	1683100	我有時候到
1683100	1685100	現在
1685100	1687100	學校找我當教授
1687100	1689100	剛才
1689100	1691100	老師
1691100	1693100	老師說
1693100	1695100	他有一個鍛鍊來講書
1695100	1697100	老師您知道嗎
1697100	1699100	我已經寫了11本書
1699100	1701100	下一個書
1701100	1703100	下一個書本
1703100	1705100	我寫了什麼
1705100	1707100	我寫決勝2031
1707100	1709100	全世界半島
1709100	1711100	很發強的經典賽局
1711100	1713100	跟2031年
1713100	1715100	全世界有8個
1715100	1717100	國家參與半島特別小組
1717100	1719100	老師那8個
1719100	1721100	他們既能優勢走
1721100	1723100	既能條件走
1723100	1725100	坦白講
1725100	1727100	我不是很喜歡學書的
1727100	1729100	各位知道為什麼嗎
1729100	1731100	因為臺灣的書本一整集刊登了
1731100	1733100	我的書本還不錯
1733100	1735100	因為我在電子業有一定的識碼
1735100	1737100	但是我也知道
1737100	1739100	跨出電子業以後我沒什麼識碼
1739100	1741100	家委說我是添加法制報告書的
1741100	1743100	但是我知道
1743100	1745100	社會當中不見得看到
1745100	1747100	我不是寫技術認證
1747100	1749100	的歷史學家
1749100	1751100	各位有沒有看到
1751100	1753100	我坐在一起的時候
1753100	1755100	他還挺大
1755100	1757100	他也挺好
1757100	1759100	我是幫張東東上課
1759100	1761100	我不是替他選課而已
1761100	1763100	我跟他是雙向合作
1763100	1765100	所以大家知道
1765100	1767100	我們是BGC的
1767100	1769100	如果他們收費很貴
1769100	1771100	要不然我輸不下來
1771100	1773100	我也是電台節目的主持人
1773100	1775100	去年年初的時候
1775100	1777100	我花了一筆錢
1777100	1779100	把竹客公共公司換下來
1779100	1781100	為什麼要買竹客公共公司
1781100	1783100	我等一下有機會再跟大家說
1783100	1785100	所以我在三個過程中
1785100	1787100	但是
1787100	1789100	我現在想
1789100	1791100	破壞國際系列
1791100	1793100	為什麼
1793100	1795100	因為亞洲多英電的資料
1795100	1797100	跟美國全世界的
1797100	1799100	英特爾微軟這些公司的看法
1799100	1801100	畢竟錯誤
1801100	1803100	要做長期的測試
1803100	1805100	美國的公共公司很難
1805100	1807100	但如果是你要知道
1807100	1809100	伺服器怎麼賣
1809100	1811100	比電視台多好
1811100	1813100	這種資料美國沒有
1813100	1815100	所以絕對可以找到不同的
1815100	1817100	能力出店去說服美國人
1817100	1819100	買我們的資料
1819100	1821100	我剛剛講我們英雄版
1821100	1823100	讀者、訪客家、中東版還要問
1825100	1827100	你知道我們怎麼賣嗎
1827100	1829100	我們賣西服的授權
1829100	1831100	就是查出料要付錢
1831100	1833100	我現在可以告訴你
1833100	1835100	我們很大的客戶
1835100	1837100	一比較微軟
1837100	1839100	微軟總共五個是台灣人
1839100	1841100	第二
1841100	1843100	你會電子業嗎
1843100	1845100	美國的國務院
1845100	1847100	我們是唯一真正擁有
1847100	1849100	國際資訊的台灣人
1849100	1851100	因為台灣人電子業
1851100	1853100	影響力很大
1853100	1855100	所以我知道
1855100	1857100	我們還可以做很多其他的事情
1857100	1859100	所以我們同仁
1859100	1861100	一直互動得很好
1861100	1863100	我剛才講有兩百四十幾人
1863100	1865100	我們公司很健康
1865100	1867100	大概
1867100	1869100	三分之一是台區教授學校畢業
1869100	1871100	三分之一是中間學校畢業
1873100	1875100	另外三分之一是一般學校畢業
1875100	1877100	為什麼
1877100	1879100	我們一年半三百場上的活動
1879100	1881100	我們從20
1881100	1883100	從1998年創辦以來
1883100	1885100	到現在
1885100	1887100	在我活動的總人數差不多六十萬
1887100	1889100	這裡
1889100	1891100	全部在我們的電腦業裡面
1891100	1893100	所以我不知道誰聽辦報
1893100	1895100	誰聽手機
1895100	1897100	我們跟一般的媒體不一樣
1897100	1899100	完全不一樣的做法
1899100	1901100	所以我們只不過來做
1901100	1903100	所以我把背景給大家說一下
1903100	1905100	今天的課
1905100	1907100	我想一下
1907100	1909100	也許我可以用數字筆把他們的框架
1909100	1911100	跟大家探探
1911100	1913100	我所知道的電子業
1913100	1915100	我可以用數字筆把他們的框架
1915100	1917100	因為今年2023年
1917100	1919100	臺灣二次增強100億數
1919100	1921100	是往前的
1921100	1923100	是聯發科的蔡允建董事長打電話給我
1923100	1925100	他說
1925100	1927100	我們可不可以委託你們做這個事情
1927100	1929100	我說可以啊
1929100	1931100	洪志老師你知不知道
1931100	1933100	聯發科有多少人
1935100	1937100	都是聯發科
1937100	1939100	各位老師知道嗎
1939100	1941100	沒關係喔
1941100	1943100	我告訴各位
1943100	1945100	聯發科兩萬人
1945100	1947100	第二聯發科
1947100	1949100	臺灣一萬三千多個
1949100	1951100	第三個
1951100	1953100	聯發科一萬三千多個員工
1953100	1955100	平均去年的免薪
1955100	1957100	是四百千多萬
1957100	1959100	一個人妥
1959100	1961100	賺翻了
1961100	1963100	對不對
1963100	1965100	那去年一個人大概是
1965100	1967100	七百八十幾億
1967100	1969100	各位知道台積電去年去年有多少
1969100	1971100	七百五十幾億
1971100	1973100	台積電
1973100	1975100	他的摩托車發展
1975100	1977100	毛益、食物、net、appetite
1977100	1979100	四十二兩百分
1979100	1981100	他去年賺了三百四十億
1981100	1983100	台積電有十九個副總裁
1983100	1985100	十九個副總裁
1985100	1987100	年薪公佈
1987100	1989100	一億台幣
1989100	1991100	所以台積電
1991100	1993100	平均薪水
1993100	1995100	也有三百多萬台幣
1995100	1997100	還有很多technology
1997100	1999100	我剛談同學
1999100	2001100	月曦到台積電聯發科工作
2001100	2003100	你們可能有興趣
2003100	2005100	但是好
2005100	2007100	你說我不是電電機了
2007100	2009100	你有機會嗎
2011100	2013100	我不要講那一家
2013100	2015100	我去年吧
2015100	2017100	我到明信科
2017100	2019100	去大學講課
2019100	2021100	校長就我去講課
2021100	2023100	有校長在跟我聊
2023100	2025100	推著車跟我講一件事
2025100	2027100	我說我就是去兒子
2027100	2029100	半年半年
2029100	2031100	然後他問了幾個總裁
2031100	2033100	總裁
2033100	2035100	衛福士需要什麼樣的人才
2035100	2037100	總裁說
2037100	2039100	只要是人就好
2039100	2041100	為什麼
2041100	2043100	沒有人
2043100	2045100	因為你知道嗎
2045100	2047100	台積電現在有六萬五千個
2047100	2049100	美國
2049100	2051100	台積電新進的美國
2051100	2053100	2021年的流動
2053100	2055100	第一年的流動
2055100	2057100	是16億
2057100	2058100	去年跌到11
2058100	2060100	還是很高
2060100	2062100	那為什麼不喜歡台積電
2062100	2064100	如果連台積電都不喜歡
2064100	2065100	那你要到哪裡去工作
2065100	2067100	我也不知道
2067100	2069100	大家講我不要
2069100	2071100	台積電工作是可以不要
2071100	2073100	因為你只是個小陸士兵
2073100	2075100	不是不可能
2075100	2077100	所以每個學校都有不同的選擇
2077100	2079100	我們公司也有太多電競業
2079100	2081100	如果去台灣講公司
2081100	2083100	如果去台灣講公司
2083100	2085100	雜誌
2085100	2087100	你來台積電到我公司來工作
2087100	2089100	不可能
2089100	2091100	他是台大新興總裁
2091100	2093100	我的秘書也是台大新興總裁
2093100	2095100	我可以找到最好的
2095100	2097100	中國企業工作
2097100	2099100	我願意付出好的代價
2099100	2101100	我可以調整很高的費用
2101100	2103100	因為後面這幾個客戶都夠便宜
2103100	2105100	所以重點
2105100	2107100	不是他們沒有需求
2107100	2109100	是你沒辦法稅金大
2109100	2111100	如果
2111100	2113100	不要講到台積電的研發
2113100	2115100	你到一般的電子公司去工作
2115100	2117100	如果你講不出的時候
2117100	2119100	他為什麼要來
2119100	2121100	所以
2121100	2123100	一個企業性不好的時候
2123100	2125100	第一個原則
2125100	2127100	不是增加員工
2127100	2129100	而是開工
2129100	2131100	你效率一定會變得比較好
2131100	2133100	因為通常效率不好
2133100	2135100	是因為內部吵架
2135100	2137100	所以內部的工作
2137100	2139100	所以提供很重要
2139100	2141100	你要知道你的朋友
2141100	2143100	你同時需要的工作
2143100	2145100	坦白講
2145100	2147100	我已經是一所畢業
2147100	2149100	我到MIC工作
2149100	2151100	到資深的情報中心工作
2151100	2153100	我十年就當到老闆
2153100	2155100	我當情報中心投資的時候
2155100	2157100	三十六歲
2157100	2159100	不到三十六歲
2159100	2161100	我也很明顯
2161100	2163100	後來我想為什麼是我
2163100	2165100	因為後來我自己覺得
2165100	2167100	我真的很漂亮工作
2167100	2169100	老闆交代我
2169100	2171100	我全部照單去做
2171100	2173100	我全部都做
2173100	2175100	做到最後發現只有我最厲害
2175100	2177100	你為什麼都做我
2177100	2179100	所以年輕朋友
2179100	2181100	不要害怕
2181100	2183100	這個世界
2183100	2185100	我可以跟大家比測
2185100	2187100	未來三五年全世界積電積極都不會有
2187100	2189100	但是
2189100	2191100	台灣會最好
2191100	2193100	未來十年是台灣的黃金十年
2193100	2195100	會有很多理由
2195100	2197100	我等一下慢慢跟大家講
2197100	2199100	博士不是誰
2199100	2201100	博士不是我
2201100	2203100	以前的行政院長博士
2203100	2205100	因為
2205100	2207100	去年
2207100	2209100	就是
2209100	2211100	聯發科的蔡英傑董事長
2211100	2213100	找我寫
2213100	2215100	台灣電子的愛斯頓
2215100	2217100	一般的書籍
2217100	2219100	他們一個副總告訴我
2219100	2221100	蔡英傑董事長正在看書籍
2221100	2223100	蔡英傑董事長說
2223100	2225100	蔡英傑董事長說
2225100	2227100	蔡英傑董事長說
2227100	2229100	蔡英傑董事長說
2229100	2231100	蔡英傑董事長說
2231100	2233100	蔡英傑董事長說
2233100	2235100	蔡英傑董事長說
2235100	2237100	蔡英傑董事長說
2237100	2239100	蔡英傑董事長說
2239100	2241100	蔡英傑董事長說
2241100	2243100	蔡英傑董事長說
2245100	2247100	蔡英傑董事長說
2247100	2249100	蔡英傑董事長說
2249100	2251100	我跟毛院長私交話
2251100	2253100	我們上天一起吃飯
2253100	2255100	毛院長是
2255100	2257100	法治理工學業的模式
2261100	2263100	然後他
2263100	2265100	他講了
2265100	2267100	順著兵法
2267100	2269100	他說
2269100	2271100	信根事
2271100	2273100	掌握形式
2273100	2275100	自然地知道
2275100	2277100	你只能去經營
2277100	2279100	你只能去經營你自己的人生
2279100	2281100	跟你的企業
2281100	2283100	我把他講的內容稍微整理一下
2283100	2285100	他說
2285100	2287100	事有時有去
2287100	2289100	行跟事的中間
2289100	2291100	還有一機
2291100	2293100	機是時機跟反機
2293100	2295100	兩個機
2295100	2297100	一個tribe一個tribe
2297100	2299100	你要知道什麼時候扣兩機
2299100	2301100	這件事不重要
2301100	2303100	但行更重要
2303100	2305100	行是本體
2305100	2307100	去未來也沒用
2307100	2309100	你一點條件都沒有
2309100	2311100	所以把大家
2311100	2313100	追行跟事之間
2313100	2315100	那有一些我必須告訴你
2315100	2317100	虛極形式
2317100	2319100	伺機而動
2319100	2321100	那重點是機是時機
2321100	2323100	至於飄逝者的視點
2323100	2325100	他說
2325100	2327100	水流很快
2327100	2329100	能夠把石頭飄走
2329100	2331100	是因為水流有快有慢
2331100	2333100	有快有慢才能重力加速
2333100	2335100	石頭才搬得動
2335100	2337100	他的意思很大
2337100	2339100	所以不可能是同一個速度
2339100	2341100	為什麼跟大家講
2341100	2343100	因為我們知道
2343100	2345100	不同的胎免
2345100	2347100	全世界的結構就不同
2347100	2349100	我剛從越南回來
2349100	2351100	我到越南
2351100	2353100	參加一個論壇
2353100	2355100	越南平常是一個申辦
2355100	2357100	就問我
2357100	2359100	他說
2359100	2361100	會不會有更多派方
2361100	2363100	到越南投資社
2363100	2365100	我說會
2365100	2367100	我說我告訴各位
2367100	2369100	台灣有九百四十九家
2369100	2371100	上市隊的電子公司
2371100	2373100	如果每一家也三到五家
2373100	2375100	處理公司
2375100	2377100	或輸入公司
2377100	2379100	台灣的電子公司也至少有五千個公司
2379100	2381100	其中
2381100	2383100	至少有40%被要求
2383100	2385100	China Plus World
2385100	2387100	除了中國之外
2387100	2389100	外加以外的
2389100	2391100	那麼我們只有幾個地方可以選擇
2391100	2393100	越南
2393100	2395100	泰國、法蘭西亞
2395100	2397100	印度
2397100	2399100	沒有幾個地方
2399100	2401100	你對越南有信心嗎
2401100	2403100	我說這兩天將至少
2403100	2405100	有五百家會到越南來
2405100	2407100	那
2407100	2409100	北約、越南越來越多不同
2409100	2411100	我告訴各位
2411100	2413100	河內老公寺
2413100	2415100	一室
2415100	2417100	距離是一千六百三十八公里
2417100	2419100	台北到首爾
2419100	2421100	如果沒有台北的話
2421100	2423100	是一千四百多公里
2423100	2425100	他比台北到韓國的時候
2425100	2427100	還要遠
2427100	2429100	第二個
2429100	2431100	越南沒有高速公路
2431100	2433100	所以河內到
2433100	2435100	吳靜芝現在需要
2435100	2437100	三十五個小時
2437100	2439100	你要不要試試
2439100	2441100	第三個
2441100	2443100	韜貝爾高鐵會議
2443100	2445100	2050年
2445100	2447100	2050
2447100	2449100	還二十幾年
2449100	2451100	所以他不能在這裡
2451100	2453100	所以我們從加拿大
2453100	2455100	我們對越南的理解
2455100	2457100	我跟越南人講
2457100	2459100	你必須把河內跟吳靜芝看成兩個國家
2459100	2461100	因為是太下場
2461100	2463100	第二個
2463100	2465100	裡面的首席為什麼
2465100	2467100	以河內為主
2467100	2469100	是因為總聖峻東搬過來
2469100	2471100	從陸陸破避就可以了
2471100	2473100	吳靜芝一定是聰明
2473100	2475100	所以我們必須
2475100	2477100	去說服華航政策
2477100	2479100	增加更多的
2479100	2481100	要看
2481100	2483100	第二個你必須說服大陸到
2483100	2485100	吳靜芝把Wayhouse做好
2485100	2487100	把零件配到座
2487100	2489100	第三個
2489100	2491100	吳靜芝把重點放在工業電腦搬到
2491100	2493100	這些高速電腦搬到座
2493100	2495100	意思我需要更多的人才
2495100	2497100	還要人才夠
2497100	2499100	你能不能幫我配合更多的人才
2499100	2501100	所以這些都是我們看到
2501100	2503100	形勢
2503100	2505100	是跟時間的關係
2505100	2507100	我們回顧一下
2509100	2511100	我們會面對一些問題
2511100	2513100	二零二四到二零二六
2513100	2515100	明明經濟不好
2515100	2517100	但是卻過度控制
2517100	2519100	這是現實的東西
2519100	2521100	各位知道
2521100	2523100	COVID-19三年期間
2523100	2525100	全世界各國政府的補偏
2525100	2527100	各國的協議
2527100	2529100	大概等於
2529100	2531100	超過一年的紀律17到18
2533100	2535100	所以我們過度控制
2535100	2537100	第二個你會發現
2537100	2539100	為了吸引台積電
2539100	2541100	全世界主要國家
2541100	2543100	至少有便宜百有便利
2543100	2545100	一千億美金的錢等等
2545100	2547100	那台積電從頭要起來
2547100	2549100	也會很不可能
2549100	2551100	那其他三百億分配下來
2551100	2553100	它會變得沒有效率
2553100	2555100	decentralize
2555100	2557100	分站起來是在
2557100	2559100	面對的問題什麼
2559100	2561100	面對的問題一切全部都要到
2561100	2563100	來成功
2563100	2565100	以後更多的力量生產
2565100	2567100	你看它面對很多的問題
2567100	2569100	你們會認為
2569100	2571100	除了越南之外
2571100	2573100	還有哪個新興國家
2573100	2575100	中國之外還有哪個新興國家
2575100	2577100	是最重要的各位認為
2577100	2579100	真的嗎
2581100	2583100	還有沒有不同的答案
2583100	2585100	嗯
2585100	2587100	還有我嗎
2587100	2589100	我為什麼這樣問你
2589100	2591100	一定我的道法
2591100	2593100	為什麼
2593100	2595100	半導體需求多多
2595100	2597100	看一個指標就知道
2597100	2599100	哪一個指標就知道
2599100	2601100	進口的進口
2601100	2603100	自動的插線線
2603100	2605100	表面研究技術的設備
2605100	2607100	道理多好
2607100	2609100	誰賣點最多
2609100	2611100	誰的半導體需求會最大
2611100	2613100	以新興的角度來看
2613100	2615100	China的比例從20.8
2615100	2617100	降到17.7
2617100	2619100	所以China降了很多
2619100	2621100	所以大陸經濟真的不好
2621100	2623100	而且產業化有
2623100	2625100	這是事實
2625100	2627100	看這個指標就知道
2627100	2629100	好除了美國
2629100	2631100	第四名是哪一個國家
2631100	2633100	我先告訴你
2633100	2635100	墨西哥
2635100	2637100	第五名才是越南
2637100	2639100	所以大家開始想像
2639100	2641100	印度跟臺灣差不多而已
2641100	2643100	所以沒有這邊大家想像那麼大
2643100	2645100	好
2645100	2647100	所以這些都是你先提到
2647100	2649100	還有中美幫助大半
2649100	2651100	特區印度主義的目的
2651100	2653100	中國當中還有沒有機會
2653100	2655100	法國呢
2655100	2657100	反正呢有
2657100	2659100	還有唯一的機會在這裡
2659100	2661100	如果各位知道
2661100	2663100	1999年的時候
2663100	2665100	中國的技術產業大概
2665100	2667100	占全世界3.3個比賽
2667100	2669100	但是去年
2669100	2671100	已經提高到31.8
2671100	2673100	那麼誰少了呢
2673100	2675100	你會發現
2675100	2677100	歐洲的變化
2677100	2679100	德國、義大利、法國、英國
2679100	2681100	其他兩千多個國家
2681100	2683100	加起來
2683100	2685100	歐洲五國
2685100	2687100	市場就從27.6
2687100	2689100	降到11.7
2689100	2691100	各位可能不知道
2691100	2693100	這事有多嚴重性
2693100	2695100	對工業國家來講他們的GDP
2695100	2697100	有8到15%
2697100	2699100	是汽車工業的人員
2699100	2701100	然後大幅減少
2701100	2703100	我說的
2703100	2705100	第二問題我們也都知道
2705100	2707100	電動車
2707100	2709100	因為有IT的制度線
2709100	2711100	它將來可能是
2711100	2713100	木馬通車機
2713100	2715100	木馬通車機的工具
2715100	2717100	就它的車子飄到一過去
2717100	2719100	到處給你拍
2719100	2721100	最後知道車子送到中國也沒可能
2721100	2723100	為什麼不可能
2723100	2725100	因為很殘酷的工具
2725100	2727100	最後可能是意識形態的工具
2727100	2729100	所以美國為什麼
2729100	2731100	木馬通車有覺醒
2731100	2733100	會有意識形態的工具
2733100	2735100	未來的未來
2735100	2737100	汽車絕對不是一個
2737100	2739100	純製保險
2739100	2741100	汽車有一半是服務業
2741100	2743100	我們要去想像一下
2743100	2745100	蚊子、聲音
2745100	2747100	影像之間的結論
2747100	2749100	到底它是什麼樣的科技狀態
2749100	2751100	所以我們現在
2751100	2753100	我們現在面對的問題
2753100	2755100	過多的資金在追逐有限的人才
2755100	2757100	過多的資金在追逐
2757100	2759100	正在無所謂的
2759100	2761100	個人電腦
2761100	2763100	還有手機、市場的取消
2765100	2767100	個人電腦最恐怖
2767100	2769100	是2020年
2769100	2771100	全世界的品業賣掉
2771100	2773100	2億4700萬
2773100	2775100	去年降到
2775100	2777100	1億8800萬
2777100	2779100	今年只有1億6700萬
2779100	2781100	從1億6到1億7000萬
2781100	2783100	沒有辦法再升到
2783100	2785100	手機呢
2785100	2787100	過去最重大的
2787100	2789100	專利貨是中國市場
2789100	2791100	中國市場最好的時候
2791100	2793100	占全世界30%
2793100	2795100	現在降到12%
2795100	2797100	全世界十大品牌
2797100	2799100	8%是中國的
2799100	2801100	但是現在它不賺錢
2801100	2803100	都會很快
2803100	2805100	全世界的手機最好的時候
2805100	2807100	14.2億台
2807100	2809100	今年大概只有11.8億
2811100	2813100	少了3億多
2813100	2815100	各位看到
2815100	2817100	蘋果的量沒有增加
2817100	2819100	三星最棒的手機
2819100	2821100	它是全世界第一大品牌
2821100	2823100	三星的手機
2823100	2825100	最好的時候賣到
2825100	2827100	3.2億台
2827100	2829100	今年大概只有2.6億
2829100	2831100	所以實在面對
2831100	2833100	例如去面對一個鬼說的事
2833100	2835100	你必須從數量價格來做
2835100	2837100	從服務上來做
2837100	2839100	所以現在所有人
2839100	2841100	都在看人工智慧
2841100	2843100	人工智慧跟數碼面對什麼關係
2843100	2845100	這是我今天想跟大家
2845100	2847100	分享的內容
2847100	2849100	所以科技業的演化
2849100	2851100	我們到底要怎麼價值面
2851100	2853100	還是數額的錯誤
2853100	2855100	什麼意思呢
2855100	2857100	各位看到
2857100	2859100	每天在網路上面可以看到
2859100	2861100	一百個人在天空辦報紙
2861100	2863100	我們公司240個人
2863100	2865100	我不順便講這個
2865100	2867100	為什麼
2867100	2869100	職業選手在電影的秀上發酵
2869100	2871100	我在網路上證明
2871100	2873100	我比陳志健厲害
2873100	2875100	我會贏
2875100	2877100	中間一個人
2877100	2879100	我公司240個人
2879100	2881100	我跟他講什麼
2881100	2883100	我不需要這個
2883100	2885100	我很了解
2885100	2887100	那不是我的事
2887100	2889100	所以我必須知道
2889100	2891100	數額的錯誤各有各的意義
2891100	2893100	也就有框架
2893100	2895100	跟時間的範圍就跟精度、規度一樣
2895100	2897100	有什麼內容值得
2897100	2899100	所以我從過去懂的
2899100	2901100	比如說
2901100	2903100	我們知不知道
2903100	2905100	台積電時代裡的技術
2905100	2907100	每平方毫米我們就知道百萬個電競
2907100	2909100	這件事情你必須要知道
2911100	2913100	知道的叫National
2913100	2915100	不知道也會怎麼樣
2915100	2917100	第二個
2917100	2919100	如果你知道三千四千的
2919100	2921100	如果你知道英特爾是
2921100	2923100	一億六百萬個好像不太一樣
2923100	2925100	開始有點比較
2925100	2927100	第三個
2927100	2929100	因為發生越專業的辛苦
2929100	2931100	我們能越長
2931100	2933100	那做辛苦就是要更多人
2933100	2935100	佔有價值
2935100	2937100	那沒有人知道廣告怎麼進來
2937100	2939100	所以我先告訴各位
2939100	2941100	用mess media的方法
2941100	2943100	來傳遞資訊的時代
2943100	2945100	過去
2945100	2947100	為什麼
2947100	2949100	因為我們已經有傳播性的老鼠
2949100	2951100	行銷性的老鼠
2951100	2953100	兩年前
2953100	2955100	澳洲政府跟Google Facebook打發
2955100	2957100	澳洲政府說
2957100	2959100	Google拿走澳洲廣告市場
2959100	2961100	三億三
2961100	2963100	拿走Facebook二十八億三
2963100	2965100	這兩個應該是加起來
2965100	2967100	澳洲的廣告市場房市就不見了
2967100	2969100	台澳不會比較少
2969100	2971100	台澳會比較多
2971100	2973100	對不對
2973100	2975100	所以台澳會有九十個廣告市場不見
2975100	2977100	所有人被停都在幹嘛
2977100	2979100	都在幫Google換回去
2979100	2981100	那他們又不懂產業從何
2981100	2983100	怎麼換回去
2983100	2985100	所以你會不會很驚訝
2985100	2987100	我們公司一年半三百廠
2987100	2989100	只要都回去
2989100	2991100	為什麼我們是跟電子官員
2991100	2993100	講到低軌道回去
2993100	2995100	這些商周天廠都做不了
2995100	2997100	他們都不懂不可能
2997100	2999100	我一對十
2999100	3001100	你找十二名老闆
3001100	3003100	我一對十看誰來問他誰話說
3003100	3005100	我幹了三十八年
3005100	3007100	我是衛生理事
3007100	3009100	所以完全不一樣
3009100	3011100	做生意利益原則
3011100	3013100	不要做男孩子不太好的生意
3013100	3015100	第二你不要第一名
3015100	3017100	千萬不要變第二名
3017100	3019100	第二你就累死了
3019100	3021100	我不容許別人
3021100	3023100	所以我們要知道
3023100	3025100	我們面對的是個多元總變化的市場
3025100	3027100	我們都需要提供卸底的方法
3027100	3029100	這個方法
3029100	3031100	所以我把
3031100	3033100	報告百分之百的官方
3033100	3035100	跟實踐兵、運輸兵
3035100	3037100	不斷地在反思
3037100	3039100	我看他們面對哪些問題
3039100	3041100	臺灣是天選之國
3041100	3043100	臺灣真的是
3043100	3045100	我們在運氣派
3045100	3047100	各位知道嗎
3047100	3049100	我們只有兩千四百萬
3049100	3051100	理論上我們沒有可能
3051100	3053100	發展出這麼強大的半導體
3053100	3055100	是因為運氣派
3055100	3057100	為什麼
3057100	3059100	1970年代的
3059100	3061100	官方是對的
3061100	3063100	顧問是對的
3063100	3065100	為什麼
3065100	3067100	各位知道嗎
3067100	3069100	我出生在一年
3069100	3071100	臺灣只有一千零九萬
3071100	3073100	但臺灣剩了四十一萬六千
3073100	3075100	1980年代一年
3075100	3077100	臺灣有一千八百萬
3077100	3079100	剩了四十萬
3079100	3081100	去年臺灣有兩千三百二十六萬
3081100	3083100	只剩了十三點八萬
3083100	3085100	那你們一個點都可以當三點點
3085100	3087100	如果可以我也沒問題
3087100	3089100	但是
3089100	3091100	你們記得你真心幹下去了嗎
3091100	3093100	你會享受一個事情
3093100	3095100	我先跟各位講
3095100	3097100	我工作三十八年
3097100	3099100	我非常享受很多人的工作
3099100	3101100	為什麼 因為電子給往來五百億
3101100	3103100	最聰明的很多人在電子裡面
3103100	3105100	你可以跟他們對話
3105100	3107100	順著他們用你的方法去解決他們的問題
3107100	3109100	你有沒有可能做到
3109100	3111100	太有趣了
3111100	3113100	所以我說
3113100	3115100	我們是天選之國
3115100	3117100	我們永遠都知道
3117100	3119100	意外跟民間來的危險
3119100	3121100	明天會打大
3121100	3123100	你們怕不怕
3123100	3125100	我就告訴各位
3125100	3127100	沒什麼好怕的
3127100	3129100	各位知道
3129100	3131100	和平了很少超過一百年
3131100	3133100	我們已經失去
3133100	3135100	過了這麼多年
3135100	3137100	所以沒什麼好承認
3137100	3139100	誰怕誰怕
3139100	3141100	第二個 春春太平洋這些法
3141100	3143100	你要有這個GOTS
3143100	3145100	Confidence
3145100	3147100	我出來創業的時候
3147100	3149100	如果我害怕聯合報
3149100	3151100	經濟日報
3151100	3153100	我害怕這個情況
3153100	3155100	聯合報我分得到經濟
3155100	3157100	然後第二個我告訴各位
3157100	3159100	我們這都是三億
3159100	3161100	前面兩年虧了兩年
3161100	3163100	我每月虧一千多萬
3163100	3165100	你看看
3165100	3167100	這是我的創業經驗
3167100	3169100	我們第一個月就打了十分
3169100	3171100	沒有通過
3171100	3173100	一成稅不歸兩年
3173100	3175100	很難吧
3175100	3177100	所以這個過程
3177100	3179100	它也是台灣很特別的一個例子
3179100	3181100	台灣可以在其他國家
3181100	3183100	建立一下
3183100	3185100	所以我們運氣很好
3185100	3187100	因為我們一二手失敗
3187100	3189100	各位知道台灣的半導體業
3189100	3191100	葉子業經濟失敗
3191100	3193100	是七部以一成七部的年代
3193100	3195100	1970年代是非常不好的年代
3195100	3197100	為什麼
3197100	3199100	因為台灣最初聯合國
3199100	3201100	1970年代兩次的稀有危機
3201100	3203100	沒有任何稀有
3203100	3205100	然後呢
3205100	3207100	我們這一代就是一二手
3207100	3209100	我們都在1970年代
3209100	3211100	那一年大學
3211100	3213100	然後張燕你看
3213100	3215100	因為沒有很多工作
3215100	3217100	我告訴各位蔡永健
3217100	3219100	他在電競畢業
3219100	3221100	他第一個工作在哪裏
3221100	3223100	他在高雄加工
3223100	3225100	是部居東北
3225100	3227100	台灣第一家上市的
3227100	3229100	第一家上市的電子公司叫光寶
3229100	3231100	光寶創業人叫宋國銘
3231100	3233100	他是高雄的小孩
3233100	3235100	他也在高雄加工做工作
3237100	3239100	所以我們第一代人是最好的工作
3239100	3241100	但是呢
3241100	3243100	機會到了
3243100	3245100	你有機會掌握
3245100	3247100	你就贏了
3247100	3249100	個人電腦
3249100	3251100	Internet
3251100	3253100	現在進入到行動通訊
3253100	3255100	這三個系統
3255100	3257100	台灣也有很大的優點
3257100	3259100	我們對全世界而言
3259100	3261100	是不太滿意
3261100	3263100	他們的意思
3263100	3265100	因為我們專門做代工
3265100	3267100	不會打人家
3267100	3269100	所有的客人包含他們的聯繫
3269100	3271100	都是我們客人
3271100	3273100	所以我們沒有很明顯的問題
3273100	3275100	光寶從事公務院
3275100	3277100	經過半個世紀的演化
3277100	3279100	台灣的產業
3279100	3281100	變成了名戰軍的產業
3281100	3283100	我順便告訴各位一件事情
3283100	3285100	我跟你們講
3285100	3287100	合作水準有可能比較廣大
3287100	3289100	廣大可能500億美金的公司
3289100	3291100	他需要100億美金的公司
3291100	3293100	如果
3293100	3295100	他是美國公司
3295100	3297100	他已經要付多少利息
3297100	3299100	美國現在是7%到8%
3299100	3301100	台灣差不多到2%
3301100	3303100	這四分之一的
3303100	3305100	資金成本
3305100	3307100	如果你是台灣的廣大
3307100	3309100	你只要付2億美金的利息
3309100	3311100	如果你是美國的廣大
3311100	3313100	你只要付8億美金
3313100	3315100	這兩年多
3315100	3317100	差很多
3317100	3319100	對不對
3319100	3321100	跟韓國比起來
3321100	3323100	韓國的利息沒有對
3323100	3325100	韓國跟台灣最大的
3325100	3327100	台灣幾乎沒有外債
3327100	3329100	韓國的外債現在
3329100	3331100	6651美金左右
3331100	3333100	而且他是一年期的
3333100	3335100	外債
3335100	3337100	就是一年之內必須超過
3337100	3339100	今天利息的外債是3億
3339100	3341100	包括利息的外債
3341100	3343100	所以韓帝免職
3343100	3345100	通常是國家的競爭力
3345100	3347100	衰退的時候才免職
3347100	3349100	台灣如果
3349100	3351100	關於逆差
3351100	3353100	如果就算關於逆差
3353100	3355100	那只是為了我們來賬免數字
3355100	3357100	我們以前都花了
3357100	3359100	因為我們沒有錢
3359100	3361100	我們的問題是不會用錢
3361100	3363100	我們問題是錢賺到中在口袋裡面
3363100	3365100	讓人家知道
3365100	3367100	其實我們真的沒有錢
3367100	3369100	我們問題就是
3369100	3371100	我們看到
3371100	3373100	肯茲貝爾說台灣非常的高
3373100	3375100	所以我們知道
3375100	3377100	台灣如果結合
3377100	3379100	資本、技術
3379100	3381100	跟經驗
3381100	3383100	創造便利業的奇蹟
3383100	3385100	這件事情我們是偏去的
3387100	3389100	很多人也許會認為說
3389100	3391100	台灣都是搞樣子
3391100	3393100	毛三道四
3393100	3395100	你們也可以告訴我
3395100	3397100	毛三跟郭子
3397100	3399100	毛立畢多少
3399100	3401100	不是毛三道四嗎
3401100	3403100	鴻海林業的多少
3403100	3405100	如果有人可以回答
3405100	3407100	郭子牛媽都送他一盒去
3411100	3413100	鴻海不是他的AXO嗎
3413100	3415100	我告訴各位
3415100	3417100	鴻海去年的2000年代
3417100	3419100	鴻海有經典林業
3419100	3421100	經典第三季的波羅斯巴菌
3421100	3423100	6.6%
3423100	3425100	偽裝是7.85%
3427100	3429100	台大電多少你知道嗎
3429100	3431100	台大電今年大概
3431100	3433100	他一個郭子大概
3433100	3435100	33億左右
3435100	3437100	他一千億台幣一個郭子
3437100	3439100	他的毛利是
3439100	3441100	30%
3441100	3443100	所以台大電一個郭子
3443100	3445100	可以賺三百億台幣
3447100	3449100	他不敢講台積電
3449100	3451100	net 42%
3451100	3453100	所以
3453100	3455100	我們台灣最厲害的地方是
3455100	3457100	我們有高毛利、中毛利、低毛利
3457100	3459100	工業電腦的公司
3459100	3461100	通常他們的毛利
3461100	3463100	是35%到40%
3463100	3465100	所以我最喜歡跟
3465100	3467100	工業電腦的公司打交道
3467100	3469100	我有很多的客戶叫燕花
3469100	3471100	我跟燕花公司
3471100	3473100	他走我最喜歡的地方
3473100	3475100	他說為什麼
3475100	3477100	我說你們的毛利去年40%
3477100	3479100	你的net
3479100	3481100	所以你17%
3481100	3483100	所以你會花20%的expense
3483100	3485100	那23%
3485100	3487100	你們就有超大工程
3487100	3489100	然後才有錢賺
3489100	3491100	我們去看廣大
3491100	3493100	我們去看林建平
3493100	3495100	為什麼
3495100	3497100	那毛利很低
3497100	3499100	他不會投資行銷那些
3499100	3501100	那我去看他幹什麼
3501100	3503100	我去找他幹什麼
3503100	3505100	他又不是我的客戶
3505100	3507100	我要看客戶這裡
3507100	3509100	這就是我的大客戶
3509100	3511100	我對他才有興趣
3511100	3513100	所以他才會找我做
3513100	3515100	不是你公司幫我去跟人家幹
3515100	3517100	第二個,我很想試
3517100	3519100	為什麼
3519100	3521100	因為我們公司辦了社會領域
3521100	3523100	賣電影不是賣廣告
3523100	3525100	不是賣情報聽話
3525100	3527100	所以誰怕誰
3527100	3529100	我們公司最大的公司
3529100	3531100	就是燕花
3531100	3533100	做媒體你都做到才不錯
3533100	3535100	而且
3535100	3537100	你會很驚訝
3537100	3539100	我不做媒體
3539100	3541100	政府需要大家去理解
3541100	3543100	所以你不用自己的方法
3543100	3545100	我們就要來
3545100	3547100	所以當你看到公司辦理的時候
3547100	3549100	你覺得我們是報社嗎
3549100	3551100	我們是公關企業公司嗎
3551100	3553100	還是我們是專業公司
3553100	3555100	有一天我跟Emmanon的同事
3555100	3557100	拿著手機坐在一起
3557100	3559100	我就跟他講
3559100	3561100	我也不配
3561100	3563100	Emmanon不在社會上
3563100	3565100	我們公司是假裝成
3565100	3567100	民宿通訊團的民辦公司
3567100	3569100	我們公司是假裝成
3569100	3571100	報社的專業知識團隊
3571100	3573100	我們也說他很像
3573100	3574100	各位知道報社為什麼
3574100	3576100	繼續留任
3576100	3578100	報社主辦公司一夜滿自殺
3578100	3580100	我今天遇到我家
3580100	3582100	我們明天就會關門
3582100	3584100	我不敢說我明天要關門
3584100	3586100	你知道為什麼嗎
3586100	3588100	因為受報是無誡
3588100	3590100	受報是無誡
3590100	3592100	他不再送報
3593100	3594100	對啊
3594100	3596100	受報的意義叫做檢查
3596100	3598100	對不對
3598100	3600100	那受報關打
3600100	3602100	很實在的
3602100	3604100	如果你對大環境的改變
3604100	3606100	一無所知 無動於衷
3606100	3608100	你死定了
3608100	3610100	我跟你們講
3610100	3612100	如果台灣有90%的廣告
3612100	3614100	你還想做廣告
3614100	3616100	那你也死定了
3616100	3618100	東海肯定有一個目的
3618100	3620100	你們傳統學者
3620100	3622100	我
3622100	3624100	政府算個廣告主存在
3624100	3626100	也不可能
3626100	3628100	我在台灣的台大電機
3628100	3630100	什麼清華交大
3630100	3632100	講這個要講個幾圈的
3632100	3634100	我就消遣他
3634100	3636100	我說你們看到新竹座
3636100	3638100	還不照顧我講廣告
3638100	3640100	你們覺得我不是有意義嗎
3640100	3642100	不是這樣講
3642100	3644100	政大也沒有
3644100	3646100	政大是因為讀四華校法的二大
3646100	3648100	他是管理部
3648100	3650100	所以我的立場角色完全不同
3650100	3652100	所以我也無所謂
3652100	3654100	別人說不定政法是我的經驗
3654100	3656100	所以贏了政就贏了
3656100	3658100	我跟你們講 虛形除夕
3658100	3660100	四季而過
3660100	3662100	然後呢
3662100	3664100	我到史蒂夫人講這個
3664100	3666100	左邊這個人叫
3666100	3668100	這個人名
3668100	3670100	他是研究民主政治一個世界級的專家
3670100	3672100	史蒂夫人教授
3672100	3674100	中間這一個人
3674100	3676100	並有趣的
3676100	3678100	我跟他開會做他同樣
3678100	3680100	他看我穿的背景夾克
3680100	3682100	他說你是不是拍過
3682100	3684100	我說我不是
3684100	3686100	那你怎麼背景夾克
3686100	3688100	我說我是華國的董事
3688100	3690100	我說華國的董事
3690100	3692100	他說你不是
3692100	3694100	背景夾克
3694100	3696100	這位先生呢
3696100	3698100	是美國海軍
3698100	3700100	四核心的將軍
3700100	3702100	重點就是這個
3702100	3704100	重點他說
3704100	3706100	我跟臺灣朋友約會
3706100	3708100	我說什麼約會
3708100	3710100	1996年他還記得說
3710100	3712100	韓國戰鬥局的指揮官就是我
3714100	3716100	1996年
3716100	3718100	兩國論的時候
3718100	3720100	美國派來的艦隊的指揮官
3720100	3722100	是他
3722100	3724100	我就問他
3724100	3726100	我說
3726100	3728100	你那時候幾歲
3728100	3730100	他說他48歲
3730100	3732100	好 我講
3732100	3734100	我大概有18歲
3734100	3736100	我再說我明天會48歲
3736100	3738100	你知道嗎
3738100	3740100	有一天你48歲
3740100	3742100	讓你自己當背後的一人一人
3742100	3744100	生活方式的選擇
3744100	3746100	你的心態很奇怪
3746100	3748100	你敢不敢面對這些
3750100	3752100	好
3752100	3754100	我當過印度做這個顧問
3754100	3756100	我印度的書大概拿過30幾份
3756100	3758100	我上次到印度回來
3758100	3760100	我把英國的書教到
3760100	3762100	然後他回首
3762100	3764100	他談起曼達人公語
3764100	3766100	印度版
3766100	3768100	各位知道我們對於中印邊界可能有所見
3768100	3770100	因為我們看不到是中國
3770100	3772100	我為什麼中文人講
3772100	3774100	去看中印邊界的印度
3774100	3776100	當我把印度書看過了
3776100	3778100	我想聽一下
3778100	3780100	印度的人說
3780100	3782100	中國跟尼泊爾的邊界
3782100	3784100	剛剛發生了什麼事
3784100	3786100	在韓城
3786100	3788100	中邊走
3788100	3791100	尼泊爾是A咖B咖還是C咖的國家
3791100	3794100	尼泊爾絕對是C咖的
3794100	3797100	中國大陸跟尼泊爾談判他們都應該不吵
3797100	3798100	他們都應該死
3798100	3800100	他最後被科長拒絕
3800100	3802100	所以才談判這一次
3802100	3804100	重點在這裡
3804100	3806100	什麼意思呢
3806100	3807100	坦白講
3807100	3810100	我們因為跟全世界絕好不一的國家
3810100	3812100	沒有組織外交
3812100	3815100	我們坦的所謂外交跟國際外交
3815100	3817100	是很多國際外交
3817100	3819100	從此而定
3819100	3820100	我們人沒有經驗
3820100	3822100	沒有死去過
3822100	3824100	什麼叫上司被嚇死
3824100	3825100	坦白講
3825100	3828100	這兩個人我對他們
3828100	3831100	他們的國際意味都沒有到
3831100	3833100	這叫上司被嚇死
3833100	3836100	但是講半導體他們整個脫鉤
3836100	3838100	他們完全不是非主
3838100	3840100	這就是上司被嚇死
3840100	3841100	什麼意思呢
3841100	3842100	舉個例子來講
3842100	3845100	最近不是剛剛我去開AI公司嗎
3845100	3847100	派張峰我一定
3847100	3849100	那叫上司被嚇死
3849100	3851100	因為全世界都想開半導體
3851100	3853100	我如果派
3853100	3855100	以前的總統副總統去
3855100	3857100	別人的理由我不告訴你
3859100	3861100	所以小國
3861100	3864100	要穿越他的戰略才有可能得到
3864100	3866100	我要免得他看得到
3866100	3869100	這個方法絕對不是穿越他的方法
3869100	3870100	如果
3870100	3872100	參加AI公司
3872100	3874100	我們派的是中華民族的總裁
3874100	3877100	大家說我們是把這麼小一塊這個人來幹嗎
3877100	3879100	不是郭水益總裁不好
3879100	3880100	我跟他講
3880100	3881100	我只取他當例子
3881100	3883100	因為我們是把郭台銘
3883100	3884100	如果派太子典總裁
3884100	3886100	很多人都願意見他
3886100	3889100	你想加拿大總理不見他嗎
3889100	3890100	日本首相不見他嗎
3890100	3891100	不會
3891100	3893100	所以派這種人
3893100	3895100	上司非常錯開
3895100	3898100	因為有不同的情境的方法
3898100	3902100	但是我們政府穿越他的方法
3902100	3905100	我們馬上就要總統選舉
3905100	3907100	我對總統選舉也很期待
3907100	3908100	為什麼
3908100	3910100	他們的兵法也沒有
3910100	3911100	我沒有來看診
3911100	3913100	我也沒有讓他死
3914100	3915100	我們能怎麼樣
3915100	3917100	我都認識
3918100	3920100	這是我剛才講的
3920100	3922100	全世界18集團
3922100	3924100	貨運集團
3924100	3926100	全部都在光臨
3926100	3928100	都在期待在台
3928100	3930100	第六米藍色巴士
3930100	3933100	第十米其他貨也在期待
3933100	3935100	所以我看得去理解
3935100	3937100	我們本身是歡迎
3937100	3939100	掌聲祭祀在台的官卷
3939100	3940100	所以我剛才講
3940100	3942100	S&T的技術設備
3942100	3943100	第一米菜單
3943100	3945100	讓它比例在加拿大
3945100	3946100	台灣很高興
3946100	3949100	我們從3.8%提升到5.7%
3949100	3950100	這個
3950100	3953100	是我跟今天講的內容性的關係
3953100	3954100	各位知道
3954100	3956100	7月2000年的時候
3956100	3960100	我們最後一條一屆的生產線搬到上
3960100	3961100	所以
3961100	3963100	製造業在基於的一種
3963100	3965100	跌到7.8%
3965100	3967100	去年回升到37.7%
3967100	3969100	是因為過去三年
3969100	3973100	台商回本帶回來800多億美金的錢
3973100	3974100	所以現在
3974100	3977100	新幾乎一本的全部爆發
3977100	3978100	個個沒有後備
3978100	3980100	所以開始覺得發現
3980100	3983100	做12個人做15集的好好加一集
3983100	3985100	世界變了
3985100	3987100	每一塊金都很值錢
3987100	3988100	第二個
3988100	3990100	我們必須做到
3990100	3992100	別人非我無可
3992100	3995100	你們都知道王仁勳對不對
3995100	3998100	你們知道王仁勳今天回來幾次了
3998100	3999100	他是台南人
3999100	4001100	我認識他
4001100	4002100	王仁勳
4002100	4004100	6月回台北的時候
4004100	4006100	他來個10年
4006100	4008100	我想跟各位講一件事情
4008100	4010100	世界Top 5 Top 10的總裁
4010100	4012100	到台南就拜託三天
4013100	4015100	沒有
4015100	4017100	王仁勳說回來吃台南菜
4017100	4019100	回來吃花蘭條館
4019100	4020100	花蓮條館
4020100	4021100	不是
4021100	4023100	他不是回來吃四月初菜
4023100	4025100	他回來法庄
4025100	4026100	為什麼
4026100	4028100	他的會議裡面
4028100	4029100	最主要是賣點
4029100	4031100	賣點實際的這道菜
4031100	4033100	全世界的12人
4033100	4035100	92%的台灣公司做
4035100	4037100	他回來法庄
4037100	4038100	他怕
4038100	4039100	台灣公司
4039100	4040100	台灣公司
4040100	4041100	投稿工作
4041100	4042100	投稿Apple
4042100	4044100	然後不跟他合作
4044100	4046100	所以他今天回來三次
4046100	4047100	你以為世界級的時候
4047100	4048100	才是回家
4048100	4049100	太簡單
4049100	4050100	沒這回事
4050100	4051100	我告訴各位
4051100	4052100	第三次不會回來的
4052100	4053100	又會回來的
4053100	4056100	所以都會來法庄
4056100	4057100	所以我必須了解
4057100	4059100	我們的角色
4059100	4061100	各位知道
4061100	4063100	群
4063100	4065100	什麼叫群
4065100	4067100	通群大包
4067100	4069100	群是三
4069100	4071100	三叉的五比車
4071100	4072100	中國歷史上
4072100	4074100	有一個非常有名的群
4074100	4075100	在哪裡
4075100	4076100	各位知道嗎
4076100	4078100	燕魯關
4078100	4079100	就三級
4079100	4082100	皇甫高原旁邊的燕魯關
4082100	4085100	送走楊家將法當的名牌
4085100	4086100	然後呢
4086100	4087100	漢朝的移民
4087100	4088100	淡水工程
4088100	4089100	非常在乎
4089100	4091100	叫做馬布林戰
4091100	4092100	他講的這一段
4092100	4094100	都有點不熟
4094100	4095100	我很熟
4095100	4096100	為什麼
4096100	4097100	以後有機會
4097100	4099100	老師親我來講
4099100	4101100	我會講得好
4101100	4102100	好
4102100	4104100	我告訴各位
4104100	4106100	我燕魯所有時候
4106100	4108100	自己開車開過四次
4108100	4111100	開一次三級公路
4111100	4114100	我以為有時間常去北京
4114100	4115100	我也模糊在北京
4115100	4118100	所以原來是我常去
4118100	4120100	從北京往右
4120100	4121100	一個半小時
4121100	4122100	可以到
4122100	4124100	尊華的清宮城
4124100	4127100	那是埋葬康熙乾隆的地方
4127100	4128100	再往東
4128100	4130100	一個小時可以到上海關
4130100	4131100	在燕魯關不是個縣
4131100	4132100	在燕魯關是個城
4132100	4134100	可以住室外
4134100	4136100	在燕魯關的左上角
4136100	4137100	叫成德
4137100	4139100	成德最好的不是
4139100	4141100	畢祖行宮
4141100	4142100	成德最好的不是
4142100	4144100	外發廟
4144100	4145100	就是很多宗祖之師
4145100	4147100	為什麼要呢
4147100	4149100	就是安產要
4149100	4152100	朝外的乾隆城
4152100	4154100	建一個行宮給他住
4154100	4156100	那個地方蓋在成德
4156100	4158100	那個廟是廣造
4158100	4160100	西藏的赫拉拉高蓋
4160100	4161100	很漂亮的一個城
4161100	4162100	藏城
4162100	4163100	叫成德
4163100	4165100	在左邊就是木蘭圍廠
4165100	4166100	畫廠廠
4166100	4167100	然後到藏家廠
4167100	4169100	跑到芭蕎
4169100	4171100	芭蕎的名牌行務
4171100	4172100	一定不要錯過
4172100	4173100	芭蕎在廣南
4173100	4174100	一個半小時
4174100	4176100	就可以到燕魯關
4176100	4177100	燕魯關在廣南
4177100	4178100	就是太原
4178100	4179100	旗艦跳蝦拉越
4179100	4181100	然後到平安國城
4181100	4183100	這一段路往回走
4183100	4185100	可以到台山
4185100	4187100	然後再從台山回北京
4187100	4189100	分路過武國武國城
4189100	4191100	這一段路三三三百公里
4191100	4193100	非常有趣
4193100	4194100	各位知道為什麼
4194100	4195100	因為一千年前
4195100	4196100	大家知道
4196100	4198100	印尼時候都說是北宗的時候
4198100	4200100	各位知道嗎
4200100	4201100	考一下大家
4201100	4202100	請問一下
4202100	4203100	蘇洛波
4203100	4204100	大家都很喜歡他
4204100	4205100	對不對
4205100	4207100	蘇洛波死於哪一年
4207100	4208100	你們知道嗎
4208100	4210100	蘇洛波死於什麼幾歲
4210100	4211100	你們知道嗎
4211100	4213100	我告訴各位
4213100	4215100	蘇洛波死的那一年是
4215100	4216100	1101年
4216100	4218100	蘇洛波60歲
4218100	4219100	64歲死
4219100	4222100	所以蘇洛波60歲的那一年
4222100	4223100	那一年
4223100	4227100	那一年是西方十字軍東征的人
4227100	4229100	有趣嗎
4229100	4233100	北宗跟歐洲的十字軍東征
4233100	4235100	是同一個名牌
4235100	4238100	我今天跟各位講孫子兵
4238100	4240100	孫子兵出現的年代
4240100	4242100	是西方斯德拉羽
4242100	4244100	跟柏拉圖出現的年代
4244100	4246100	有趣嗎
4246100	4248100	我現在正在寫游史
4248100	4250100	我在寫歐洲的游史
4250100	4252100	如果寫歐洲的游史
4252100	4254100	你會從哪一個國家開始寫寫
4254100	4256100	我會從西方國家開始寫寫
4256100	4258100	各位知道為什麼嗎
4258100	4260100	因為大陸是大陸
4260100	4263100	那大陸是在從哪一個城市開始
4263100	4265100	你知道嗎
4265100	4267100	好
4267100	4269100	好沒關係
4269100	4271100	每個人的角度不同
4271100	4272100	但是呢
4272100	4275100	大陸是在伊札菲蘭
4275100	4277100	伊札菲蘭
4277100	4279100	其實更不發生其他國家的事
4279100	4280100	可以嗎
4280100	4281100	1492
4281100	4283100	對不對
4283100	4284100	好
4284100	4286100	那我的問題是
4286100	4289100	伊札菲蘭的首都在哪
4289100	4291100	在西班牙哪一邊
4291100	4292100	靠地中海
4292100	4294100	德倫安大
4294100	4296100	我到德倫安大的時候
4296100	4297100	想
4297100	4298100	為什麼
4298100	4301100	我在市中心看到西班牙女王
4301100	4303100	伊札菲蘭女王的雕像
4303100	4305100	在雕像公園有一座小屋子
4305100	4307100	往上走大概只有一兩個樓梯
4307100	4309100	就被一個女王破壞
4309100	4310100	我跟同工非常認識
4310100	4314100	那位王公叫做阿杭德拉圖
4314100	4316100	我看到阿杭德拉圖的時候
4316100	4317100	更驚訝
4317100	4318100	為什麼
4318100	4320100	因為我以前讀過的歷史情報
4320100	4323100	西班牙女王說12、13世紀
4323100	4325100	是歐洲的黑愛奇白
4325100	4327100	願滿足圖形
4327100	4328100	對 黑愛奇白
4328100	4330100	但我就在想
4330100	4333100	阿杭德拉圖是幾何圖形
4333100	4336100	數學不好蓋不了一個女王
4336100	4338100	我就很認真看
4338100	4341100	因為我有一個表弟
4341100	4344100	我這個表弟很特別
4344100	4346100	他的學位是發於
4346100	4349100	畢利第四地區大學
4349100	4352100	科學、文學、哲學措施
4352100	4353100	他是研究什麼
4353100	4355100	他是研究古典數學
4355100	4356100	我說
4356100	4358100	你什麼叫古典數學
4358100	4360100	他說兩天天前
4360100	4362100	羅馬跟希臘的數學
4362100	4364100	他在研究這個
4364100	4366100	他告訴我一件事情
4366100	4368100	他說12、13世紀的時候
4368100	4373100	阿古科學、數學都活著好多
4373100	4375100	所以西班牙人
4375100	4379100	土萊姆跟口頭髮這兩個形式
4379100	4381100	就是翻譯起
4381100	4385100	阿古科學、文學、哲學、數學可以嗎
4385100	4388100	所以我已經我知道這個字
4388100	4390100	但我自己看到了王公的時候
4390100	4392100	我真的很驚訝
4392100	4394100	為什麼跟大家講過這件事情
4394100	4396100	國際觀
4396100	4398100	生活的樂趣
4398100	4401100	從文書上面找到了
4401100	4403100	每一本好的書
4403100	4408100	作者都有他的定義價值
4408100	4410100	有時候你看到好的老師
4410100	4412100	好作者
4412100	4416100	他一兩句話肯定會影響對人的看法
4416100	4418100	我也是在古書的時候
4418100	4421100	讀了一段我會跟大家分享一下
4421100	4424100	上禮拜日本有一個史學家
4424100	4425100	叫茲田達作
4425100	4427100	有沒有人看到這個新聞
4427100	4430100	茲田達作上禮拜有什麼
4430100	4434100	茲田達作是日本最領先的史學家
4434100	4435100	各位知道
4435100	4438100	被公認近代最棒的史學家
4438100	4440100	英國的湯恩比
4440100	4444100	湯恩比跟茲田達作是兩個人對話
4444100	4447100	兩個是世界領先高手對話
4447100	4449100	茲田達作跟湯恩比
4449100	4451100	他說湯恩比先生
4451100	4454100	如果讓你有選擇的話
4454100	4459100	你希望什麼時候出生在什麼地方
4459100	4462100	湯恩比毫不猶豫地說
4462100	4465100	我希望西元一世紀的時候
4465100	4469100	出生在新疆的喀什
4469100	4472100	我還是要去那邊
4472100	4474100	來運氣好讀書的人
4474100	4475100	我一看就懂
4475100	4477100	你知道為什麼嗎
4477100	4481100	因為西元一世紀的時候
4481100	4486100	羅馬文化經過了喀什進到中國來
4486100	4487100	第二個
4487100	4490100	歐洲的那個印度的同樣
4490100	4494100	是西元一世紀經過喀什到中國來
4494100	4495100	第三個
4495100	4496100	各位知道嗎
4496100	4497100	現在中華亭
4497100	4499100	中國開了一家店
4499100	4501100	穿越巴士站
4501100	4504100	新疆的入口也是喀什
4504100	4506100	那個地方是兵家
4506100	4508100	西元一世紀的時候更重要
4508100	4509100	遠東西武化
4509100	4511100	文教文化傳到中國來
4511100	4513100	都在西元一世紀
4513100	4516100	所以湯恩比是很有求人
4516100	4517100	我的意思是說
4517100	4519100	如果你平常都讀書
4519100	4521100	你看到那個東西是怎麼看
4521100	4523100	你不知道它跟什麼關係
4523100	4526100	所以我為什麼跟大家講
4526100	4528100	含造為三江分界的地方
4528100	4530100	就是燕門關
4530100	4531100	如果告訴各位
4531100	4533100	燕門關的海拔是1500米
4533100	4534100	也會怎樣
4534100	4536100	我連這個都知道
4536100	4538100	太平洋是1100米
4538100	4541100	大陸是1000米
4541100	4543100	所以它是上去再下
4543100	4545100	所以以後是海拔
4545100	4546100	現在很方便
4546100	4548100	因為手機上面
4548100	4550100	所以當我們旅行的時候
4550100	4551100	先出去
4551100	4554100	然後我們把海拔高度給拿出去
4554100	4556100	今天出去的時候
4556100	4559100	你會對這世界更有利益的改變
4559100	4561100	這個方面都講的是
4561100	4562100	TVM
4562100	4563100	CDM
4563100	4565100	跟MDM
4565100	4566100	什麼叫CBM
4566100	4569100	China Space Infection
4569100	4571100	TVM是台灣的Space
4571100	4572100	台上
4572100	4575100	MDM就是Multinational Foundries
4575100	4577100	現在高空線來講
4578100	4580100	沒有MDM
4580100	4581100	什麼叫MDM
4581100	4582100	泰國的
4582100	4583100	越南的
4583100	4584100	Multinational
4584100	4586100	跨國的公司
4586100	4587100	No No的產業
4587100	4588100	我跟各位講
4588100	4592100	全世界它設定的電子產業製造商
4592100	4595100	百分之七十幾是泰商
4595100	4598100	所以這就不叫它廣播
4598100	4601100	未來是在改全世界的電子手機
4601100	4602100	恐怕不會好
4602100	4604100	但是這個不好沒有好處
4604100	4606100	No New Congress
4606100	4609100	沒有新的競爭者
4609100	4611100	所以
4611100	4613100	You are sensor
4615100	4616100	鍵盤
4616100	4617100	F1爆炸彈爆炸
4617100	4618100	T1
4618100	4620100	標準的爆炸彈爆炸
4620100	4623100	標準的鍵盤
4623100	4624100	200塊
4624100	4625100	200塊
4625100	4626100	200塊
4626100	4627100	明白
4627100	4629100	200塊都是新的
4629100	4630100	因為
4630100	4631100	因為有個很大的
4631100	4633100	鍵盤的爆炸爆炸
4633100	4635100	F1
4637100	4638100	好
4638100	4639100	都看了從前
4639100	4641100	都沒有拿來
4641100	4644100	但是我猜一下
4644100	4647100	這位老師都沒有遇見
4647100	4649100	No No
4649100	4650100	我如果跟各位講
4650100	4653100	三塊錢會不會很厲害
4653100	4655100	很厲害嗎
4655100	4657100	台灣人真的很厲害
4657100	4659100	一些鍵盤是100公分
4659100	4660100	台灣人說
4660100	4661100	80公分就可以
4661100	4662100	就可以一直砍
4662100	4664100	第二個鍵盤可能要超過一次
4664100	4665100	台灣人說
4665100	4667100	三一次就可以了
4667100	4668100	因為
4668100	4669100	三一次就變髒了
4669100	4671100	就換空間板刀
4671100	4673100	台灣人不會講這個
4673100	4674100	100公分不要換
4674100	4675100	20公分就可以了
4675100	4676100	我們就把100公分在一起了
4676100	4677100	我們就一直砍
4677100	4679100	砍砍砍砍砍砍砍砍
4679100	4680100	所以砍三次到最後
4680100	4682100	三塊錢
4682100	4684100	你有沒有聽說過
4684100	4686100	鍵盤怎麼是爆炸彈
4686100	4688100	全世界第一家鍵盤怎麼是爆炸彈
4688100	4690100	你知道嗎
4690100	4692100	自動知道嗎
4692100	4693100	好
4693100	4694100	不知道
4694100	4695100	空
4695100	4697100	群光
4697100	4698100	好
4698100	4700100	做鍵盤
4700100	4702100	一個月做12個鍵盤
4702100	4704100	那不一定有
4704100	4705100	簡單
4705100	4706100	一個月做300萬個鍵盤
4706100	4707100	上面100種名字
4707100	4709100	客戶下訂單做
4709100	4710100	做Promise
4710100	4711100	一個禮拜就能交貨
4711100	4712100	你叫法國
4712100	4713100	就能用法國
4713100	4714100	交到羅斯加
4714100	4715100	而且也不夠多
4715100	4716100	台灣人不會感覺
4716100	4717100	你看看
4717100	4719100	沒有競爭者
4719100	4720100	我們競爭
4720100	4723100	怎麼能用給別人
4723100	4724100	所以你知道
4724100	4726100	in the coming back
4726100	4727100	下一個時間
4727100	4730100	我們還可以有獎
4730100	4731100	所以
4731100	4732100	我現在講完
4732100	4733100	你會不會比較有信心
4733100	4734100	誰掛手
4734100	4735100	是不是這樣
4735100	4736100	所以我們跟其他國家
4736100	4738100	在競爭的時候
4738100	4741100	我完全有充分的自信
4741100	4742100	我是會不會
4742100	4745100	我是見證台灣成功經驗的人
4745100	4746100	我是不會用科學演技的人
4746100	4747100	我當然很有自信
4747100	4749100	因為我知道怎麼一回事
4749100	4752100	他們都說我沒有
4752100	4755100	所以陳一達是長這個樣子
4755100	4756100	九百四十九
4756100	4757100	加三十對電子公司
4757100	4758100	九百五十九
4758100	4760100	三十七年經營
4760100	4761100	我們做這個本質的話
4761100	4763100	當然有經驗力
4763100	4765100	因為每一個比例
4765100	4768100	零件的需求大概百分之八十
4768100	4769100	如果你的比例一千塊
4769100	4770100	免財要這麼大
4770100	4771100	百分之八百
4771100	4772100	這時候我們有
4772100	4774100	非常大的辦公廠
4774100	4775100	通路業
4775100	4776100	零件業
4776100	4777100	光電業
4777100	4778100	全都推到
4778100	4781100	全世界沒有人能更完整
4781100	4783100	大家想想看一下
4783100	4784100	台灣還是直接
4784100	4786100	在全世界十八個月
4786100	4787100	韓國官僚也很強
4787100	4789100	你們認為韓國官僚
4789100	4790100	有適當的設計
4790100	4792100	適當的工作嗎
4792100	4793100	我們十八
4793100	4796100	韓國人比較多
4796100	4799100	人家都不敢回答
4799100	4800100	我告訴各位
4800100	4801100	我到臉了
4803100	4805100	是因為台灣人比較聰明嗎
4805100	4806100	沒有
4806100	4808100	因為台灣人命太好
4808100	4809100	越做出來的零件
4809100	4810100	越做出來的零件
4810100	4811100	可以賣廣大人報
4811100	4812100	你知道嗎
4812100	4814100	韓國人只賣一點三千
4814100	4815100	我們有很多選擇
4815100	4816100	韓國人只有兩千
4816100	4817100	他們都沒有錢
4817100	4819100	他們沒有其他錢
4819100	4821100	所以我們生意做不完
4821100	4822100	都自家人
4822100	4823100	然後我跟你們講
4823100	4824100	他們三十年了
4824100	4825100	你還會欺負我嗎
4825100	4826100	會喔
4826100	4827100	但是我們必須都會掉錢
4827100	4828100	那你不怕我
4828100	4830100	我賣給另外一個
4830100	4831100	對不對
4831100	4833100	大家有很多人欺負的選擇
4833100	4835100	我昨天跟大連大的總裁
4835100	4837100	CEO坐在隔壁
4837100	4838100	我吃飯的時候
4838100	4840100	大連的他來把計劃
4840100	4841100	是一筆一筆的
4841100	4842100	對不對
4842100	4843100	有一天
4843100	4845100	我跟他中國總經理坐在一起
4845100	4846100	總經理問我
4846100	4849100	自然大陸有幾家
4849100	4850100	三災區的手機廠
4850100	4852100	大概幾年前
4852100	4853100	我說我幫不大忙
4853100	4855100	他說上海的
4855100	4856100	我說那你怎麼知道
4856100	4858100	他說被我們換來才算
4858100	4862100	就是我願意賣零件給他們才算
4862100	4863100	我說怎麼算
4863100	4864100	我說A咖啡
4864100	4866100	華為
4866100	4867100	小母
4867100	4869100	A咖啡放葬90天
4869100	4870100	B咖啡放葬60天
4870100	4872100	C咖啡放葬30天
4872100	4874100	B咖啡要信機交通
4874100	4876100	所以被我們Quality
4876100	4878100	採納到零件
4878100	4880100	我說對對對
4880100	4881100	所以我就知道
4881100	4884100	土耳其一度要搞手機產業
4884100	4887100	他就問一下台灣要不要改
4887100	4888100	所以我們要很有confidence
4888100	4890100	很有自信去產生自信
4890100	4892100	所以我們產業很少
4892100	4893100	真的
4893100	4895100	但是我們必須要有產業結構
4895100	4897100	我們要兩個半導體
4897100	4898100	兩個不同的角度
4898100	4900100	第一個市場端
4900100	4903100	全世界市場去年是575億
4903100	4905100	大概四分之一是基因
4905100	4907100	四分之三是非基因
4907100	4909100	一旦進入到中端市場
4909100	4911100	33%是電腦電路商的產品
4911100	4913100	電腦電路商兩個
4913100	4915100	一個是個人電腦
4915100	4916100	一個是伺服器
4916100	4917100	這兩個價值
4917100	4919100	消耗掉全世界
4919100	4921100	三分之一的半導體
4921100	4923100	Complications
4923100	4924100	分成兩個
4924100	4925100	第一個是手機
4925100	4927100	第二個是networking
4927100	4928100	網通的設備
4928100	4931100	這兩個就要全世界35%
4931100	4933100	第三個是消耗電
4933100	4934100	很舒服的
4934100	4936100	第四個是汽車
4936100	4937100	16%
4937100	4940100	第五個是工業電腦
4940100	4941100	各位知道嗎
4941100	4943100	工業電腦台灣也是全世界第一
4943100	4945100	我們第一名的東西叫
4945100	4946100	華漢
4946100	4949100	我們做軍隊與軍規的比例
4949100	4951100	你知道一台多少錢嗎
4951100	4953100	六七千塊
4953100	4955100	四五千
4955100	4958100	所以我們有很多很專業的名詞
4958100	4960100	所以我們要去明確
4960100	4963100	零件的需求賣到市場上去
4963100	4965100	大概三分之一經過工業
4965100	4967100	三分之二直銷
4967100	4968100	比如說我是Intel
4968100	4969100	我是聯發科
4969100	4971100	我的大科我自己直接賣
4971100	4973100	我不要經過這個工業商
4973100	4974100	那中端商都沒價值嗎
4974100	4975100	不是
4975100	4976100	我剛才講過
4976100	4977100	Complications也不能賣
4977100	4980100	因為它多數是國主化
4980100	4982100	就是說我把TBI3K零件
4982100	4984100	我把Intel8C
4984100	4985100	聯發科4C並在一起
4985100	4986100	變成一個貓角
4986100	4988100	變成一個國主化零件
4988100	4990100	賣給華南的貓狗
4990100	4992100	華南的貓狗就不需要去做研發
4992100	4995100	所以台灣的一座市場非常好
4995100	4998100	好到大連大家告訴你
4998100	5002100	他們有四五七個人天天蹲在後台
5002100	5003100	要告訴你
5003100	5004100	你現在給什麼
5004100	5005100	你現在交給什麼
5005100	5006100	他們就包裝一下
5006100	5007100	跟賣零件來賣
5007100	5008100	賣零塊賣零
5008100	5009100	比如說這種東西
5009100	5011100	全世界只有台灣
5011100	5012100	所以台灣很厲害
5012100	5013100	好
5013100	5014100	但是呢
5014100	5016100	五千七百五十億美金
5016100	5017100	來自這兩個部分
5017100	5018100	第一個IPA
5018100	5019100	裡面有IOS
5019100	5021100	IOS像是設計
5022100	5023100	IPA是系統組合
5023100	5024100	每天都知道的產品
5024100	5025100	像華碼
5025100	5026100	萬華
5026100	5027100	南亞
5027100	5028100	他們有自己的產品
5028100	5030100	也有自己的工廠
5030100	5031100	Intel也是
5031100	5032100	TBI也是
5032100	5033100	這是屬於
5034100	5035100	系統組合
5035100	5036100	每天都知道的
5036100	5037100	它分別有什麼
5037100	5038100	NB2
5038100	5039100	夸卡
5039100	5040100	Grocker
5040100	5041100	聯發科
5041100	5042100	Wi-Fi
5042100	5043100	瑞吉
5043100	5044100	這些公司都是
5044100	5045100	但是呢
5045100	5047100	你要把辦法給設置出來
5047100	5049100	備忘還有設計的工具
5049100	5050100	設計工具
5050100	5052100	第一名的公司叫Sennoxy
5052100	5053100	第二名叫Appendix
5053100	5056100	這兩個公司大概佔了全世界
5056100	5057100	將近六十億
5058100	5059100	好不好
5059100	5060100	那跟我們沒有什麼關係
5060100	5061100	我告訴各位
5061100	5064100	Sennoxy是剛剛卸任的CEO
5064100	5065100	他正好現場
5065100	5067100	他是台灣人
5067100	5068100	叫陳志寬
5068100	5070100	他今年才72歲
5071100	5072100	他出生在八堡草
5072100	5074100	台北的八堡草
5076100	5078100	Appendix的創辦人
5078100	5079100	晉華
5079100	5080100	黃彥聰
5081100	5082100	兩個月前才過去
5083100	5084100	他們都是
5084100	5088100	EBS出了這個隱蔽裡面的潛退
5089100	5091100	加上Fundry
5091100	5093100	AUST是封測產業
5094100	5095100	封光測試業
5095100	5097100	台灣大概佔了全世界
5097100	5098100	55.9%
5099100	5100100	Fundry
5100100	5102100	台灣佔了全世界三個熱場
5103100	5104100	今天剛看到的資料
5104100	5105100	台積電在
5106100	5107100	今年第三季
5107100	5109100	全世界的市佔了57.9%
5110100	5111100	聯電是65.9%
5112100	5113100	所以58.6%
5113100	5114100	64%
5114100	5116100	我們另外還有EG電
5116100	5117100	BENGA
5117100	5118100	世界經濟
5118100	5119100	全部加起來
5119100	5121100	我們可能在75%左右
5122100	5123100	這是台灣的習慣
5123100	5126100	所以沒有台灣的經典製造業
5126100	5128100	全世界電腦功能能夠
5128100	5129100	手機也能夠
5130100	5131100	數據東西也能夠
5132100	5133100	所以真的要讓它
5134100	5135100	我們個子小
5136100	5138100	個子小都連膽識都沒有
5138100	5139100	不要錯
5139100	5140100	連嘗試都沒有
5141100	5142100	不假的
5143100	5144100	瞭解嗎
5145100	5147100	後面還有CREMENT
5147100	5148100	所以其實
5149100	5151100	全世界的官方也要
5151100	5153100	支撐出五千多億美金
5153100	5155100	它後面是將近一兆美金的產品
5156100	5158100	九千五百七十億美金的產品
5160100	5161100	所以
5161100	5163100	如果我們知道未來的明確的目標
5164100	5165100	在西湖有一所大學
5165100	5166100	叫CREMENT
5167100	5168100	起點大學
5169100	5170100	這個大學很熱門
5171100	5173100	一年只開十個禮拜的課程
5174100	5175100	每一個學生
5175100	5176100	入學費
5176100	5177100	四年前
5177100	5178100	這有的時候
5178100	5179100	這邊給我去的時候
5180100	5181100	當高中3萬美金
5181100	5183100	十個禮拜
5183100	5185100	一年只收八十個學生
5186100	5188100	台灣可能一年一個可以入學
5190100	5192100	這個學校我收更多
5193100	5195100	它說我們希望它未來使用
5195100	5197100	指數形成的科技
5198100	5199100	影響市民
5200100	5202100	這真是世界裡面的大學
5204100	5206100	回來我又花了這兩小時
5207100	5209100	因為我知道IT的行業
5209100	5211100	就算我們打貨
5211100	5214100	大概每一年到十五歲的時候當然不耐煩
5215100	5217100	那如果我們做對的呢
5217100	5218100	我告訴各位
5218100	5219100	生意都不好
5220100	5221100	如果我們不來入學
5222100	5223100	我跟同志老師說
5224100	5226100	我們到越南去我們怕誰
5227100	5228100	我們比他們遠去
5228100	5229100	至少離家二十年以上
5230100	5231100	所以
5231100	5232100	第一個問題
5232100	5233100	我們如果影響說
5233100	5235100	我剛剛把工業人員機會給別人說
5236100	5237100	你不是怪事嗎
5237100	5238100	別人給我工作機會
5239100	5240100	有一天
5241100	5242100	我在郭台銘家
5244100	5246100	他的新同志長將會有來入學
5247100	5248100	我們三個有來入學
5249100	5250100	我看到他們兩個我說
5251100	5252100	兩位
5252100	5253100	國外發行多少人
5254100	5255100	民眾國外多少人
5256100	5257100	一百萬人
5258100	5259100	我告訴你
5259100	5261100	李法樂真的很肯定
5262100	5263100	但是我告訴你
5264100	5265100	牛腿看了郭台銘
5265100	5266100	郭台銘看了有人
5266100	5267100	我兩個人不敢回答
5267100	5268100	李法麟不知道多少
5269100	5270100	等等等等
5271100	5272100	他不知道在幹嘛
5273100	5274100	劉浩維跟我說
5274100	5275100	欸 這種民意告訴你啊
5275100	5276100	他第二點
5276100	5277100	劉浩維告訴我
5277100	5278100	四年前一百三十萬人
5280100	5281100	早就一百三十萬人
5282100	5283100	我就跟郭台銘講說
5284100	5286100	你對全世界最大的貢獻
5287100	5289100	是那一百三十萬人的工作和飯錢
5290100	5292100	這件事情你已經很要錢了
5292100	5293100	知道嗎
5294100	5295100	好 這第一個
5295100	5296100	第二個
5296100	5297100	大概半年前
5297100	5300100	我去看雙河董事長李慶
5300100	5302100	我跟李慶理事交通
5304100	5305100	李慶理跟我講一件事情
5305100	5306100	我也印象很深刻
5307100	5309100	他說2009年的時候
5310100	5312100	他們一人有一百五十億人
5313100	5315100	整個偽裝機場
5315100	5316100	有15萬人
5317100	5318100	2009年的時候
5319100	5320100	他告訴我一件事情
5320100	5321100	我很驚訝
5321100	5322100	他說2022年
5322100	5324100	他們一人二百萬人
5324100	5327100	每一部人是從15萬變成9萬
5328100	5329100	找個6萬
5329100	5330100	為什麼
5330100	5331100	smart production
5332100	5333100	智慧運送
5333100	5334100	智慧製造
5335100	5336100	所以第一個
5336100	5337100	當然是要看人家
5337100	5339100	做工這件事情
5339100	5340100	的確有貢獻
5341100	5342100	對不對
5342100	5343100	第二個
5343100	5344100	你要去upgrade
5345100	5347100	於民眾生為什麼選擇你
5349100	5350100	坦白講
5350100	5353100	在做一輪交信教學的老師
5354100	5356100	行銷學與文化的觀點
5356100	5358100	避開藥物的中間敵敗
5359100	5360100	對不對
5360100	5361100	都很學生覺得
5361100	5363100	如果說我沒那麼差
5363100	5364100	所以是屬於非藥
5365100	5366100	那你
5367100	5368100	你的對手是台大
5369100	5370100	叫我馬慶達
5370100	5371100	對不對
5371100	5373100	你有比較一下子的需要嗎
5373100	5374100	是不是這樣
5375100	5377100	所以藥物的中間敵敗
5377100	5378100	如果你
5378100	5380100	你的知識是藥物的中間敵敗
5380100	5381100	科幼科
5381100	5382100	那種報酬
5382100	5384100	到時候你身上就已經知道了
5385100	5386100	而如果你做對的
5388100	5389100	結合外部的力量
5389100	5390100	你會發現
5391100	5392100	你要做的事情
5392100	5393100	不是nice to have
5393100	5396100	必須send your quality service
5396100	5397100	你才會有機會賺錢
5400100	5402100	你知道我公司那個
5402100	5403100	那個叫什麼
5405100	5406100	銷售
5406100	5407100	銷售
5407100	5408100	你知道嗎
5409100	5410100	銷售
5410100	5411100	銷售可能是
5411100	5412100	我們公司指的
5412100	5414100	47的研究經理
5415100	5416100	他是高台大
5416100	5417100	我很記得
5418100	5419100	他大學裡面
5419100	5421100	研究廠的功力較大
5421100	5422100	and
5422100	5423100	就是說
5424100	5425100	不是沒機會
5425100	5427100	但必須對別
5428100	5429100	但應該還不錯
5430100	5431100	對不對
5431100	5432100	所以我們可能可以
5432100	5433100	可以啊
5433100	5434100	當然可以啊
5434100	5435100	但你關鍵
5435100	5437100	什麼意思呢
5437100	5439100	什麼叫信息的功能
5439100	5440100	我如果是編大科
5441100	5442100	我設計大概是
5442100	5443100	有範圍發售大
5443100	5444100	範圍發售廣大的
5444100	5445100	報酬範圍
5446100	5447100	那種
5447100	5448100	它是個線條
5448100	5449100	上到下
5449100	5450100	一條線
5451100	5452100	現在發現
5452100	5453100	做零件的人
5453100	5454100	都不曉得
5454100	5455100	範圍廣大廣大
5455100	5456100	他講範圍
5456100	5457100	範圍煙滑
5457100	5458100	為什麼煙滑
5458100	5459100	毛利是什麼
5459100	5460100	他講範圍
5460100	5461100	台大電
5461100	5462100	台大電毛利30
5463100	5464100	毛利越高
5464100	5465100	氣候越大
5465100	5466100	所以變成magic
5466100	5467100	所以他要去
5467100	5468100	第二個多元生態
5469100	5470100	然後呢
5470100	5471100	他變成magic
5472100	5473100	然後將來
5473100	5474100	如果各位知道
5476100	5477100	印度現在
5477100	5478100	108家的
5478100	5479100	我們叫做
5480100	5481100	每家公司市值
5481100	5482100	差不多11億
5483100	5484100	他們會建立自己的
5484100	5485100	等級
5486100	5487100	他們會做一些
5487100	5488100	工業運動
5488100	5489100	印度已經是全世界
5489100	5490100	第四
5490100	5491100	第三大的
5491100	5492100	企業生態
5492100	5493100	第四大的
5493100	5494100	企業生態
5494100	5495100	企業生態
5496100	5497100	但以後變成
5497100	5498100	智慧做法
5498100	5499100	自己做
5499100	5500100	很肯定有哪做
5501100	5502100	各位了解我意思嗎
5502100	5503100	你必須用
5503100	5504100	更寬廣的角度
5504100	5505100	去思考
5505100	5506100	全世界方面的改變
5507100	5509100	也會被告訴
5510100	5511100	輝州現場包含
5512100	5513100	輝州有幾個國家
5515100	5516100	輝州最大的
5516100	5517100	國家是哪一個
5518100	5519100	人口最多的
5519100	5520100	國家是哪一個
5520100	5521100	多半的同學
5522100	5523100	輝州54個國家
5524100	5525100	最大的國家是哪一個
5526100	5527100	人口最多的
5527100	5528100	答對的
5528100	5529100	也是一樣
5529100	5530100	送他一個書
5532100	5533100	錯了
5533100	5534100	再給你們兩次機會
5534100	5535100	南非來幾個錯誤
5536100	5537100	阿卡
5537100	5538100	好
5540100	5541100	哪一個
5541100	5542100	拉果
5542100	5543100	最後一個機會
5544100	5545100	一手一樣
5545100	5546100	差一點點
5546100	5547100	好
5547100	5548100	那已經一樣了
5549100	5550100	那已經給我兩次機會
5550100	5551100	就第一個
5552100	5553100	第二個
5553100	5555100	耐吉利亞的手機補給率
5556100	5557100	接近一百
5558100	5559100	第三個
5560100	5561100	輝州的手機用戶
5562100	5563100	一半上
5563100	5564100	用手機觸及兩張
5564100	5566100	因為他沒有任何
5567100	5568100	他直接跳過
5569100	5570100	十幾個禮堂
5572100	5573100	最後一個告訴各位
5574100	5575100	輝州第一大
5576100	5577100	手機的通路商公
5577100	5578100	是哪一家
5578100	5579100	你們知道嗎
5579100	5580100	那一家公司叫MASC
5581100	5582100	FBSP
5582100	5583100	FBSP
5584100	5585100	MASC的CEO
5586100	5587100	他姓甘
5587100	5588100	甘蔗的甘
5588100	5589100	是台灣人
5592100	5593100	各位請訪問我
5594100	5595100	輝州第一大手機品牌
5595100	5596100	是哪一個品牌
5597100	5598100	你們知道嗎
5599100	5600100	這家公司叫TECO
5601100	5602100	叫傳音
5603100	5604100	傳音就是大部分的手機品牌
5605100	5606100	他試探了38%
5607100	5608100	為什麼
5609100	5610100	他因為手機功能非常豐富
5612100	5613100	是什麼功能
5613100	5614100	什麼功能你知道嗎
5615100	5616100	黑皮膚
5617100	5618100	黑皮膚的
5618100	5619100	黑皮膚
5620100	5621100	黑皮膚就比較好
5622100	5623100	專門去研究黑皮膚
5624100	5625100	TECO
5626100	5627100	他需要的是38%
5628100	5629100	他比30%還要高
5630100	5631100	所以
5632100	5633100	輝州沒有機會嗎
5633100	5634100	你不去而已
5636100	5637100	所以我們要再去
5637100	5638100	再去一個服務
5638100	5639100	就位之後
5639100	5640100	就知道直接的關係
5640100	5642100	以前我幫施政樓
5642100	5643100	幫苗公廠
5643100	5644100	或台北之間的
5644100	5645100	做檢訪的時候
5645100	5646100	有檢入盤
5647100	5648100	我會告訴他
5648100	5649100	筆驗缺貨缺貨
5649100	5650100	領認的結構
5650100	5651100	技術的規則
5651100	5652100	投幣
5652100	5653100	但是那個沒有檢入盤
5653100	5654100	現在發現
5655100	5656100	他們一年一額
5656100	5657100	幾百個
5657100	5658100	每天幾票
5658100	5659100	老闆忙死了
5659100	5660100	所以他現在
5660100	5662100	他需要跨盤回家
5663100	5664100	他沒有時間
5665100	5666100	你必須得到信盤
5666100	5667100	否則他不想跟你講話
5667100	5668100	他的意思
5670100	5671100	好
5671100	5672100	最後我們看看
5673100	5674100	所以
5675100	5676100	為敵則謀
5676100	5677100	死敵則戰
5678100	5679100	未來
5679100	5680100	2030年的時候
5681100	5683100	全世界大概會有8個國家
5683100	5685100	參與最終冠軍的消息
5686100	5687100	美國人不會懷疑
5687100	5688100	台灣、韓國
5689100	5690100	我認為日本
5690100	5692100	日本的設備占全世界
5692100	5693100	336%
5693100	5695100	材料占全世界56%
5695100	5696100	歐洲也有設備
5696100	5697100	也有汽車
5698100	5699100	所以他們還是有機會
5699100	5700100	另外兩個
5700100	5701100	中國、印度
5701100	5703100	因為共產制的關係
5703100	5704100	印度一定會有機會
5704100	5705100	第三個
5705100	5707100	印度將來會有
5707100	5708100	我認識的
5709100	5710100	我告訴各位
5710100	5711100	因為什麼時候
5711100	5712100	可能一定很驚訝
5712100	5714100	2035年的時候
5714100	5716100	39歲下來
5716100	5717100	年輕人
5718100	5721100	印度、中國都3.8億
5721100	5723100	3.8億票
5723100	5724100	不是一點點
5724100	5726100	所以都沒有工人
5726100	5727100	印度才有
5727100	5728100	你去不去
5728100	5729100	你去不去
5731100	5732100	或者要讓人知道
5732100	5733100	全部給他留給
5733100	5734100	留給台灣人
5734100	5736100	要不然就暗示一下
5736100	5738100	我們利用一下
5738100	5739100	我們利用一下其他國家
5739100	5740100	要不然沒有機會
5741100	5742100	你不可能用台灣人知道
5742100	5743100	要讓人知道
5743100	5744100	你也不去嘛
5745100	5746100	對不對
5747100	5748100	然後最後一個
5748100	5749100	外國
5750100	5751100	你們認為
5751100	5752100	有哪些國家
5754100	5755100	泰國
5755100	5756100	越南
5756100	5757100	波西哥
5757100	5758100	加拿大
5758100	5759100	澳洲
5759100	5761100	我下禮拜去到澳洲去
5761100	5763100	我也到澳洲大學講課
5764100	5765100	講到澳洲
5766100	5767100	Yes
5767100	5768100	好
5769100	5770100	所以
5770100	5772100	我到新加坡的時候
5772100	5773100	我跟新加坡
5773100	5774100	計劃了
5774100	5776100	以複製半導體的關註
5776100	5778100	談了兩個小時以後
5778100	5779100	我給他一個方便
5779100	5781100	我說群體交流
5781100	5782100	群體
5783100	5785100	新加坡是普傳的國家
5785100	5787100	新加坡最厲害的地方
5787100	5789100	新加坡跟台灣政府相反
5789100	5791100	新加坡的產業發展的模式
5791100	5792100	是奧塞伊
5792100	5793100	台灣政經塞奧
5793100	5795100	這兩個東西
5795100	5797100	因為新加坡沒有工業
5797100	5799100	所以只要別人一進來
5799100	5800100	他就照說
5800100	5802100	比如說他跟聯軍說
5802100	5803100	我們算法
5803100	5805100	你如果投資多少錢
5805100	5806100	你未來的本領
5806100	5807100	要繳一百億
5807100	5808100	這樣子
5808100	5809100	二零一千總
5809100	5811100	你再繳五十億交流
5811100	5812100	新加坡就是
5812100	5813100	減半
5813100	5814100	減費
5814100	5815100	那很合理
5815100	5816100	台灣不一樣
5816100	5818100	台灣要12成長
5818100	5820100	要經過社會溝通
5820100	5822100	政府同意
5822100	5823100	稅要繳
5823100	5825100	沒有減稅
5825100	5826100	有沒有講
5826100	5827100	這叫insight
5827100	5828100	被迫就離開
5828100	5830100	沒有努力了
5830100	5832100	大概十幾年前
5832100	5834100	他那麼多年都講過
5834100	5835100	心裡以為
5835100	5837100	沒有12成長的努力
5837100	5839100	你那時候的要求
5839100	5840100	那現在為什麼有
5840100	5841100	好像保三九
5841100	5842100	二三九
5842100	5843100	對不對
5843100	5844100	第一個
5844100	5845100	一定是生產
5845100	5847100	工廠的建設進行改變
5847100	5849100	第二個
5849100	5850100	各位知道嗎
5850100	5853100	台灣的半導體廠的生產效率
5853100	5854100	大概
5854100	5855100	以這麼難
5855100	5857100	好出十五到二十五分
5857100	5859100	你們知道為什麼嗎
5859100	5861100	我們比美國好出三十五分
5861100	5862100	為什麼
5862100	5863100	因為台灣小
5863100	5866100	我們的工廠都是長範
5866100	5868100	精巧型的工廠
5868100	5869100	我們的
5869100	5870100	我們的
5870100	5874100	氣體都是單邊玻璃的底下軟件
5874100	5877100	我認識的比別人低很多
5877100	5878100	第二
5878100	5880100	我們整個行動在心裡遠距
5880100	5881100	台中遠距
5881100	5882100	跟台南遠距
5882100	5883100	我們很激動
5883100	5885100	我們構造成個聯名
5885100	5886100	所以為什麼
5886100	5887100	底下的每一半
5887100	5888100	商台廠的活動
5888100	5889100	很白雲
5889100	5892100	我不太到台中來辦
5892100	5893100	我發現這個
5893100	5895100	然後我又一天
5895100	5896100	我做薰術
5896100	5898100	因為我心中一塊
5898100	5901100	我連診斷都不去
5901100	5902100	他認得我
5902100	5904100	我要到台中來辦
5904100	5905100	你說服我
5905100	5906100	我就來
5906100	5907100	不是我不來
5907100	5908100	我也很多人來
5908100	5910100	但是這邊的知識密度
5910100	5912100	跟氣體其實不一樣
5912100	5913100	它跟心理不一樣
5913100	5915100	所以大家必須改變它
5915100	5917100	你如果是奧塞利
5917100	5918100	你要出更多的概念
5918100	5919100	Inside out
5919100	5921100	你就有出多區區
5921100	5923100	這兩個概念
5923100	5924100	所以
5924100	5925100	經驗的行程
5925100	5926100	我們要知道
5926100	5929100	做很多不同的演化的階段
5929100	5930100	一開始
5931100	5933100	然後我們是手機
5933100	5934100	手機
5934100	5935100	意思到
5935100	5937100	未來我們可以面對
5937100	5938100	Essentialize
5938100	5939100	Manufacturing
5939100	5940100	分散成的商台體系
5940100	5942100	我們也都瞭解
5942100	5944100	印度將會有很多年輕人
5944100	5945100	印度有很多
5945100	5947100	Metaverse的原理作用市場
5947100	5948100	所以我們要知道
5948100	5950100	社會是在改變
5950100	5951100	庶民主義
5951100	5952100	包括我們原創的世界
5952100	5954100	未來3D的意志在
5954100	5956100	這些都是很重要的改變
5956100	5958100	所以散散的球
5958100	5960100	球之於事不擇於人
5960100	5962100	所以我們要吃天之筆
5962100	5963100	聖壇的球
5963100	5966100	這張球是上一次到
5966100	5968100	上一次到東海來的時候
5968100	5971100	我跟那個
5971100	5972100	那個人講
5972100	5973100	天之
5973100	5975100	陳天之
5975100	5977100	錢國邦的主委
5977100	5979100	你知道陳天之的病情嗎
5979100	5981100	他大前幾天才來電影
5981100	5983100	他是排到金曲的故事
5983100	5985100	所以他是化驗
5985100	5987100	我跟他認識
5987100	5989100	我們到東海大學來講
5989100	5991100	他先講
5991100	5993100	我先講認真經歷
5993100	5994100	他講了一句話
5994100	5995100	印象很深刻
5995100	5996100	他說
5996100	5997100	自認主義跟共產主義
5997100	5999100	最大的分散
5999100	6001100	是私有財的分散
6001100	6003100	我說對對對
6003100	6005100	我問我自己的問題
6005100	6007100	同志老師請問一下
6007100	6009100	PESLA跟蘋果
6009100	6011100	在大陸所做的數據
6011100	6012100	是屁股嗎
6012100	6014100	還是中國政府的
6014100	6015100	中國政府
6015100	6016100	也是
6016100	6019100	要不然這張球就交給我看
6019100	6020100	個人主義的特色
6020100	6021100	跟別的東西都我的
6021100	6022100	我的東西還是我的
6022100	6024100	對不對
6024100	6025100	假設我跟同志老師
6025100	6027100	兩個人到上海去
6027100	6029100	中國人兩個包兩個數字
6029100	6030100	照片拿出來對比
6030100	6032100	他必須要找我
6032100	6033100	但才會不行
6033100	6035100	你經過我的影子選
6035100	6036100	對不對
6036100	6037100	這兩個完全不同
6037100	6039100	所以我們在這邊得以努力
6039100	6040100	自認主義跟共產主義
6040100	6042100	最大的差異在哪裡
6042100	6044100	自認主義可以虛擬
6044100	6046100	不負面子
6046100	6047100	我寫的臉書
6047100	6048100	我也是在過我的臉書
6048100	6050100	你知道嗎
6050100	6051100	所以我還是要寫的
6051100	6052100	我可以用名字
6052100	6054100	虛擬都可以
6054100	6056100	大陸去施力觀念
6056100	6059100	而且數據是國內的
6059100	6060100	所以你會牽涉到
6060100	6062100	這樣的創新的時候
6062100	6063100	共創平台
6063100	6064100	共享平台
6064100	6065100	可能會出現兩者
6065100	6066100	大的差異
6066100	6068100	你會發現
6068100	6069100	歐洲、美國、台灣
6069100	6071100	國際的質疑不一樣
6071100	6073100	因為我們去過
6073100	6075100	掌握的時候的數據
6075100	6076100	所以你會發現
6076100	6077100	昨天的新聞
6077100	6079100	評估的事實
6079100	6080100	差不多三兆的
6080100	6081100	有八個故事
6081100	6083100	差不多一兆的
6083100	6085100	這些都是我看到的
6085100	6087100	所以他們知道
6087100	6088100	缺一種東西
6088100	6089100	第一種是Action
6089100	6091100	從來無戰
6091100	6093100	大場無戰
6093100	6094100	第二個
6094100	6096100	中國大陸是
6096100	6098100	國際一對全民共有
6098100	6100100	全民共有這個氣氛
6100100	6102100	所以他的故事在這裡
6102100	6104100	所以他最後出現的
6104100	6105100	意識形態
6105100	6106100	會影響資源分配
6106100	6108100	我們一起假設
6108100	6110100	我是挪威的主權基金
6110100	6112100	我要把錢湊在亞洲
6112100	6114100	我要湊出民主國家
6114100	6116100	還在同眾大陸規定
6116100	6117100	他可以選擇
6117100	6119100	他會因為意識形態的差異
6119100	6121100	而做出選擇
6121100	6123100	所以中國的大陸大戰
6123100	6124100	十年之內
6124100	6125100	不可能化解
6125100	6127100	以我的理智去看
6127100	6129100	我們必須知道
6129100	6131100	耳邊故事
6131100	6133100	對全民共有
6133100	6134100	對全民共有
6134100	6136100	就是你打不過他幹嘛
6136100	6138100	因為你耳邊不要亂吃
6138100	6140100	這個就是我們這樣來念
6140100	6142100	因為時間差不多了
6142100	6144100	我得趕
6144100	6146100	晚上在政大
6146100	6148100	政大還有課
6148100	6150100	師父老師的課
6150100	6151100	我要去講課
6151100	6153100	所以我不能吃到
6153100	6155100	耳邊故事
6155100	6157100	所以今天課整得到這裡
6157100	6158100	希望各位滿意
6158100	6160100	下次有機會再來跟
6160100	6161100	到台中去
6161100	6162100	分享我的才藝的看法
6162100	6163100	謝謝各位
6163100	6164100	謝謝
6172100	6173100	各位同學
6173100	6174100	有沒有
6174100	6175100	有沒有其他問題
6175100	6176100	要問老師的
6176100	6178100	我們開放第一個議論
6178100	6179100	有沒有問題
6180100	6181100	有沒有
6182100	6183100	有沒有
6186100	6187100	我想方老師
6187100	6189100	幫我詢問一下
6189100	6191100	剛我們提到
6191100	6193100	其實經過他的課程當中
6193100	6195100	我們很清楚了解到
6195100	6196100	台灣在職的
6196100	6197100	科技產業的利益
6197100	6199100	其實非常非常的重要
6199100	6202100	我們也不用自願化
6202100	6204100	但是我們如何去精進
6204100	6207100	剛講的從你的成長
6207100	6208100	5%、10%
6208100	6210100	如何調到往上
6210100	6212100	這個必須要怎麼樣做
6212100	6214100	因為我們有非常多的
6214100	6217100	本來上課有企管
6217100	6218100	有資管
6218100	6219100	有電機
6219100	6221100	很多科系的同學
6221100	6223100	那如何你未來
6223100	6225100	在找工作
6225100	6228100	尤其想要找半導體工作的時候
6228100	6230100	把它往我這邊
6230100	6231100	建立一下
6231100	6233100	大概會朝什麼樣的方向
6233100	6234100	來準備
6234100	6236100	這個請方老師
6236100	6238100	幫忙建立一下
6238100	6239100	建立一下
6239100	6240100	其實很簡單
6240100	6241100	就是
6242100	6244100	其實我跟鴻甲的
6244100	6246100	林立田校長
6246100	6247100	有一個工作
6247100	6249100	就是他找了八位教授
6249100	6251100	我們教了四八個學生
6251100	6253100	已經第三名
6253100	6254100	我跟他講說
6254100	6256100	每一個小組學院
6256100	6257100	你要選半導體
6257100	6258100	你要選伺服器
6258100	6260100	你要選汽車都可以
6260100	6261100	有老師在希望
6261100	6263100	我們幫他們做
6263100	6265100	從前的產業練習
6265100	6266100	然後出題
6266100	6268100	考試考案
6268100	6269100	那重點是什麼
6269100	6270100	重點假設你這樣
6270100	6271100	到汽車
6271100	6273100	變成智能科技工作
6273100	6275100	你已經先舉別人的先頭
6275100	6277100	這些東西都歐洲人
6277100	6280100	因為我都知道產業在這裡
6280100	6281100	第二
6281100	6282100	十年之內
6282100	6283100	台灣的電體業
6283100	6285100	沒有太大的壓力
6285100	6286100	所以你還是要找幾位
6286100	6288100	電體當中重要的一方
6288100	6289100	但是
6289100	6291100	就是我剛剛講的
6291100	6293100	在山上
6293100	6295100	爬山的時候碰到雪
6295100	6297100	就一定要躲避
6297100	6299100	才碰得下來
6299100	6302100	你要比周邊的這些學校
6302100	6304100	或者你要挑戰
6304100	6306100	精華交道的同學
6306100	6307100	你可以做
6307100	6308100	你會講的
6308100	6309100	要更清楚
6309100	6310100	你的產業結果
6310100	6311100	你的論述
6311100	6312100	你的論述的方法
6312100	6313100	基本上
6313100	6315100	把這個稍微詳細
6315100	6317100	如果你要到S4也可以
6317100	6319100	如果你要到電子也可以
6319100	6321100	你要做網路工作都可以
6321100	6323100	你對行業要有基本的理解
6323100	6326100	以及你對這個事情有基本的看法
6328100	6330100	留下來我輸
6330100	6331100	我輸在日本
6331100	6332100	然後呢
6332100	6333100	我報紙
6333100	6334100	七八份
6334100	6335100	我隨便抓
6335100	6337100	不是來報紙給各位
6337100	6339100	到學校來公開動手
6339100	6341100	這我明白
6341100	6342100	我只是想要給大家看
6342100	6344100	而且遇到明天可能報紙
6344100	6346100	就不存在了
6346100	6347100	也沒有必要
6347100	6348100	我也懷疑報紙
6348100	6349100	我也知道
6349100	6351100	因為我才沒辦法看
6351100	6353100	因為在老人家
6353100	6355100	就不太會刷稿
6355100	6356100	所以
6356100	6357100	第二個
6357100	6358100	我去證明一件事情
6358100	6360100	我真的每天遇到一百次
6360100	6362100	因為傳統的
6362100	6363100	網路的媒體
6363100	6365100	沒有辦法證明這個事情
6365100	6367100	我在創業的
6367100	6369100	沒多久
6369100	6371100	華爾街日報來刷稿的時候
6371100	6373100	華爾街日報給我一個方法
6373100	6375100	介紹到其他人
6375100	6376100	然後
6376100	6377100	我就看了一下
6377100	6378100	這麼好那一天
6378100	6379100	運氣很好
6379100	6380100	那一天
6380100	6382100	華爾街日報的總編輯
6382100	6384100	專訪Bill Gates
6384100	6386100	全罵他
6386100	6388100	我把他講給你看看
6388100	6390100	他問Bill Gates
6390100	6391100	他說我們記得
6391100	6392100	Internet版
6392100	6393100	你有沒有看過
6393100	6394100	然後我都看過
6394100	6395100	他說第二個
6395100	6396100	我跟他報紙
6396100	6397100	總編輯問他
6397100	6398100	你一看報紙
6398100	6400100	他就跟他報紙
6400100	6401100	他說只有Paper
6401100	6402100	可以看到
6402100	6403100	周邊
6403100	6404100	心腹
6404100	6406100	跟核心心腹之間的關係
6406100	6408100	編輯的大小
6408100	6410100	他強調是這一部
6410100	6412100	所以他第二篇報紙
6412100	6414100	但是以我的理解
6414100	6415100	以我的理解
6415100	6416100	Internet
6416100	6417100	不是一個
6417100	6419100	其實新的地方而已
6419100	6421100	Internet是個Database
6421100	6423100	所以Google為什麼獲得
6423100	6424100	新的Database
6424100	6425100	這是第一部
6425100	6426100	第二篇
6426100	6428100	那個
6428100	6429100	我在幾月以前
6429100	6430100	大概四個月以前
6430100	6431100	我跟Google
6431100	6433100	台灣的前總編輯
6433100	6435100	叫簡立峰同台
6435100	6436100	簡立峰說
6436100	6438100	人工氣味
6438100	6440100	Follow Google的資料
6440100	6442100	百分之六十幾是英文
6442100	6444100	中國只有1.5
6444100	6446100	凡德斯只有1萬人
6446100	6448100	用凡德斯的資料來判
6448100	6450100	用人工氣味來判
6450100	6452100	未來的趨勢是不可行的
6452100	6453100	他的說法好大
6453100	6454100	那講一個報紙
6454100	6455100	那講一個報紙
6455100	6457100	當然我的想法沒有不同
6457100	6459100	因為我的想法是
6459100	6461100	全世界ICP產業供應鏈
6461100	6462100	最好的資料
6462100	6463100	不是英文
6463100	6464100	是中國
6464100	6466100	凡德斯是簡立峰
6466100	6467100	因為台灣的產業是這樣
6467100	6469100	最保存
6469100	6471100	所以我光賣這個
6471100	6472100	我只賣這個
6472100	6473100	所以我就把我的ICP
6473100	6474100	借出來
6474100	6476100	我給他一個提名叫做
6476100	6477100	紅海到印度
6477100	6479100	貴幣我做智慧行程
6479100	6480100	這個是關鍵字
6480100	6481100	我怎麼找到的
6481100	6482100	我現在要被罰這個
6482100	6484100	用人工智慧來找錢
6484100	6485100	我現在這樣是不行的
6485100	6487100	我一定可以判他來判我
6487100	6489100	所以
6489100	6490100	做主意
6490100	6491100	靠腦袋
6491100	6493100	用腦袋
6493100	6495100	這個比做廣告好賺多了
6495100	6496100	所以
6496100	6497100	你們同意嗎
6497100	6499100	凱茲列國附寫給台灣的媒體
6499100	6500100	不然還會
6500100	6502100	這很嚴重的大概
6502100	6503100	我只能這樣講
6503100	6504100	好
6504100	6505100	所以
6505100	6507100	用你的創意
6507100	6508100	大概跟理念學習
6508100	6509100	所需要的情緒
6509100	6510100	就是這個關係
6510100	6511100	好不好
6511100	6512100	祝福大家
6512100	6513100	謝謝各位
6513100	6514100	謝謝
6518100	6519100	黃董
6520100	6521100	黃董麻煩
6521100	6522100	黃董麻煩
6524100	6525100	感謝撞到
6544100	6545100	好
6545100	6546100	謝謝
6546100	6547100	謝謝
6547100	6548100	然後我們來給大家撞一下
6548100	6549100	好
6549100	6550100	我們兩邊的同學
6550100	6551100	來往中間坐一下
6551100	6552100	好不好
6552100	6553100	拜託一下
6553100	6554100	兩邊的同學
6554100	6555100	幫忙一下
6555100	6556100	往中間
6562100	6563100	來兩邊的同學
6563100	6564100	幫忙一下
6576100	6577100	好
6580100	6581100	來
6585100	6586100	謝謝
6590100	6591100	等一下
6591100	6592100	來
6602100	6603100	好
6603100	6604100	兩邊的同學
6611100	6612100	幫一點點
6637100	6638100	好
6638100	6639100	謝謝
6639100	6640100	謝謝
6641100	6642100	好
6642100	6643100	謝謝
6643100	6644100	謝謝
6644100	6645100	謝謝
6670100	6671100	謝謝
6671100	6672100	謝謝
6672100	6673100	謝謝
6673100	6674100	謝謝
6674100	6675100	謝謝
6675100	6676100	謝謝
6676100	6677100	謝謝
6677100	6678100	謝謝
6678100	6679100	謝謝
6679100	6680100	謝謝
6680100	6681100	謝謝
6681100	6682100	謝謝
6682100	6683100	謝謝
6683100	6684100	謝謝
6684100	6685100	謝謝
6685100	6686100	謝謝
6686100	6687100	謝謝
6687100	6688100	謝謝
6688100	6689100	謝謝
6689100	6690100	謝謝
6690100	6691100	謝謝
6691100	6692100	謝謝
6692100	6693100	謝謝
6693100	6694100	謝謝
6694100	6695100	謝謝
6695100	6696100	謝謝
6696100	6697100	謝謝
6698100	6699100	謝謝
6699100	6700100	謝謝
6700100	6701100	謝謝
6701100	6702100	謝謝
6702100	6703100	謝謝
6703100	6704100	謝謝
6704100	6705100	謝謝
6705100	6706100	謝謝
6706100	6707100	謝謝
6707100	6708100	謝謝
6708100	6709100	謝謝
6709100	6710100	謝謝
6710100	6711100	謝謝
6711100	6712100	謝謝
6712100	6713100	謝謝
6713100	6714100	謝謝
6714100	6715100	謝謝
6715100	6716100	謝謝
6716100	6717100	謝謝
6717100	6718100	謝謝
6718100	6719100	謝謝
6719100	6720100	謝謝
6720100	6721100	謝謝
6721100	6722100	謝謝
6722100	6723100	謝謝
6723100	6724100	謝謝
6724100	6725100	謝謝
6725100	6726100	謝謝
6726100	6727100	謝謝
6727100	6728100	謝謝
6728100	6729100	謝謝
6729100	6730100	謝謝
6730100	6731100	謝謝
6731100	6732100	謝謝
6732100	6733100	謝謝
6733100	6734100	謝謝
6734100	6735100	謝謝
6735100	6736100	謝謝
6736100	6737100	謝謝
6737100	6738100	謝謝
6738100	6739100	謝謝
6739100	6740100	謝謝
6740100	6741100	謝謝
6741100	6742100	謝謝
6742100	6743100	謝謝
6743100	6744100	謝謝
6744100	6745100	謝謝
6745100	6746100	謝謝
6746100	6747100	謝謝
6747100	6748100	謝謝
6748100	6749100	謝謝
6749100	6750100	謝謝
6750100	6751100	謝謝
6751100	6752100	謝謝
6752100	6753100	謝謝
6753100	6754100	謝謝
6754100	6755100	謝謝
6755100	6756100	謝謝
6756100	6757100	謝謝
6757100	6758100	謝謝
6758100	6759100	謝謝
6759100	6760100	謝謝
6760100	6761100	謝謝
6761100	6762100	謝謝
6762100	6763100	謝謝
6763100	6764100	謝謝
6764100	6765100	謝謝
6765100	6766100	謝謝
6766100	6767100	謝謝
6767100	6768100	謝謝
6768100	6769100	謝謝
6769100	6770100	謝謝
6770100	6771100	謝謝
6771100	6772100	謝謝
6772100	6773100	謝謝
6773100	6774100	謝謝
6774100	6775100	謝謝
6775100	6776100	謝謝
6776100	6777100	謝謝
6777100	6778100	謝謝
6778100	6779100	謝謝
6779100	6780100	謝謝
6780100	6781100	謝謝
6781100	6782100	謝謝
6782100	6783100	謝謝
6783100	6784100	謝謝
6784100	6785100	謝謝
6785100	6786100	謝謝
6786100	6787100	謝謝
6787100	6788100	謝謝
6788100	6789100	謝謝
6789100	6790100	謝謝
6790100	6791100	謝謝
6791100	6792100	謝謝
6792100	6793100	謝謝
6793100	6794100	謝謝
6794100	6795100	謝謝
6795100	6796100	謝謝
6796100	6797100	謝謝
6797100	6798100	謝謝
6798100	6799100	謝謝
6799100	6800100	謝謝
6800100	6801100	謝謝
6801100	6802100	謝謝
6802100	6803100	謝謝
6803100	6804100	謝謝
6804100	6805100	謝謝
